[X],FTR,10.6
[X],PRS,7.8
[X],PST,4.5
#1f1e33,FTR,11.1
#1f1e33,PRS,9.2
#1f1e33,PST,5.5
O,FTR,9.5
O,PRS,6.5
O,PST,2.5
10pt8ion,ETR,10.5
10pt8ion,FTR,9.8
10pt8ion,PRS,7.8
10pt8ion,PST,4
1F,FTR,8.2
1F,PRS,6.5
1F,PST,2.5
7thSense,FTR,9.9
7thSense,PRS,7.8
7thSense,PST,3
8-EM,ETR,10.3
8-EM,FTR,9.5
8-EM,PRS,7.8
8-EM,PST,4.5
99 Glooms,FTR,10.3
99 Glooms,PRS,7.8
99 Glooms,PST,4
A Wandering Melody of Love,FTR,9.6
A Wandering Melody of Love,PRS,7.5
A Wandering Melody of Love,PST,3.5
Abstruse Dilemma,FTR,11.3
Abstruse Dilemma,PRS,8.9
Abstruse Dilemma,PST,5.5
Aegleseeker,FTR,11.2
Aegleseeker,PRS,9.1
Aegleseeker,PST,5.5
Aether Crest Astral,ETR,11.5
Aether Crest Astral,FTR,10.6
Aether Crest Astral,PRS,8.9
Aether Crest Astral,PST,6
Ai Drew,FTR,9.8
Ai Drew,PRS,6.5
Ai Drew,PST,3.5
AI[UE]OON,FTR,9.4
AI[UE]OON,PRS,6.5
AI[UE]OON,PST,3.5
Aleph 0,FTR,10.5
Aleph 0,PRS,8.8
Aleph 0,PST,5.5
Alexandrite,FTR,10
Alexandrite,PRS,7.5
Alexandrite,PST,4.5
Alice a la mode,FTR,9.2
Alice a la mode,PRS,6.5
Alice a la mode,PST,2.5
Alice's Suitcase,FTR,9.1
Alice's Suitcase,PRS,6
Alice's Suitcase,PST,3.5
Alone & Lorn,FTR,9.6
Alone & Lorn,PRS,6.5
Alone & Lorn,PST,3
Altair (feat. spiLa),FTR,8.5
Altair (feat. spiLa),PRS,6
Altair (feat. spiLa),PST,2.5
Altale,BYD,10
Altale,FTR,9.8
Altale,PRS,5.5
Altale,PST,2.5
ALTER EGO,ETR,11.3
ALTER EGO,FTR,10.5
ALTER EGO,PRS,9.2
ALTER EGO,PST,6.5
AlterAle,FTR,9.7
AlterAle,PRS,6
AlterAle,PST,3
AMAZING MIGHTYYYY!!!!,FTR,10.7
AMAZING MIGHTYYYY!!!!,PRS,7.8
AMAZING MIGHTYYYY!!!!,PST,4.5
Amekagura,FTR,9.9
Amekagura,PRS,7.5
Amekagura,PST,4
amygdata,FTR,9.7
amygdata,PRS,7.5
amygdata,PST,4
And Revive The Melody,FTR,10.9
And Revive The Melody,PRS,8.5
And Revive The Melody,PST,5.5
Anokumene,BYD,9.9
Anokumene,FTR,9.2
Anokumene,PRS,6.5
Anokumene,PST,2.5
Antagonism,FTR,9.9
Antagonism,PRS,7.8
Antagonism,PST,4.5
Antithese,BYD,9.6
Antithese,FTR,8.8
Antithese,PRS,5
Antithese,PST,2
April showers,FTR,8.6
April showers,PRS,5.5
April showers,PST,2
Arcahv,FTR,9.9
Arcahv,PRS,7.8
Arcahv,PST,4.5
Arcana Eden,BYD,11.6
Arcana Eden,FTR,10.5
Arcana Eden,PRS,8.7
Arcana Eden,PST,5.5
Arghena,FTR,11.3
Arghena,PRS,9.6
Arghena,PST,7.5
Ascent,FTR,9.8
Ascent,PRS,6
Ascent,PST,3
Ashen 6oundary,FTR,9.9
Ashen 6oundary,PRS,7.8
Ashen 6oundary,PST,4.5
Astra walkthrough,FTR,9.9
Astra walkthrough,PRS,7.8
Astra walkthrough,PST,4.5
Astral Quantization,FTR,10.6
Astral Quantization,PRS,8.1
Astral Quantization,PST,5
Astral tale,FTR,9.6
Astral tale,PRS,7
Astral tale,PST,4.5
astral.exe,FTR,9.5
astral.exe,PRS,6
astral.exe,PST,3
AttraqtiA,FTR,10.6
AttraqtiA,PRS,8.3
AttraqtiA,PST,4
Aurgelmir,FTR,10.5
Aurgelmir,PRS,8.5
Aurgelmir,PST,4.5
Auxesia,FTR,9.3
Auxesia,PRS,6.5
Auxesia,PST,3.5
Avant Raze,FTR,9.6
Avant Raze,PRS,6.5
Avant Raze,PST,3.5
Avril -Flicka i krans-,FTR,8.3
Avril -Flicka i krans-,PRS,6
Avril -Flicka i krans-,PST,3
Awaken In Ruins,FTR,9.7
Awaken In Ruins,PRS,7.5
Awaken In Ruins,PST,3.5
Axium Crisis,FTR,10.6
Axium Crisis,PRS,8.5
Axium Crisis,PST,5.5
B.B.K.K.B.K.K.,FTR,9.7
B.B.K.K.B.K.K.,PRS,7
B.B.K.K.B.K.K.,PST,4.5
Babaroque,FTR,8.5
Babaroque,PRS,6.5
Babaroque,PST,3
Back to Basics,FTR,10.6
Back to Basics,PRS,8.7
Back to Basics,PST,5
BADTEK,FTR,9.7
BADTEK,PRS,7
BADTEK,PST,4
Bamboo,FTR,10
Bamboo,PRS,6.5
Bamboo,PST,3
BATTLE NO.1,FTR,9.7
BATTLE NO.1,PRS,6.5
BATTLE NO.1,PST,3.5
Be There,FTR,9.4
Be There,PRS,7.5
Be There,PST,4
Beautiful Dreamer,FTR,9.9
Beautiful Dreamer,PRS,7.8
Beautiful Dreamer,PST,4
Beside You,FTR,8.7
Beside You,PRS,6
Beside You,PST,2.5
Black Lotus,FTR,9.7
Black Lotus,PRS,6.5
Black Lotus,PST,3
Black MInD,FTR,10.8
Black MInD,PRS,8
Black MInD,PST,5
Black Mirror on the Wall,ETR,9.7
Black Mirror on the Wall,FTR,8.6
Black Mirror on the Wall,PRS,6.5
Black Mirror on the Wall,PST,3.5
Black Territory,FTR,9.8
Black Territory,PRS,7.5
Black Territory,PST,3
Blaster,FTR,9.3
Blaster,PRS,7
Blaster,PST,4
BlazinG AIR,ETR,10.1
BlazinG AIR,FTR,8.9
BlazinG AIR,PRS,6.5
BlazinG AIR,PST,3.5
Blocked Library,FTR,9.3
Blocked Library,PRS,6.5
Blocked Library,PST,3.5
Blossoms,FTR,7
Blossoms,PRS,4
Blossoms,PST,1
BLRINK,FTR,9.7
BLRINK,PRS,7.8
BLRINK,PST,3.5
blue comet,FTR,8.2
blue comet,PRS,5
blue comet,PST,3.5
Blue Rose,FTR,9.1
Blue Rose,PRS,6
Blue Rose,PST,2
BlythE,ETR,10.5
BlythE,FTR,9.4
BlythE,PRS,7.5
BlythE,PST,3.5
Bookmaker (2D Version),BYD,10
Bookmaker (2D Version),FTR,8.3
Bookmaker (2D Version),PRS,6.5
Bookmaker (2D Version),PST,4.5
Brand new world,FTR,7.8
Brand new world,PRS,4
Brand new world,PST,2
Breach of Faith,BYD,10.9
Breach of Faith,FTR,10.3
Breach of Faith,PRS,8.4
Breach of Faith,PST,5.5
BREaK! BREaK! BREaK!,ETR,10.3
BREaK! BREaK! BREaK!,FTR,8.8
BREaK! BREaK! BREaK!,PRS,6.5
BREaK! BREaK! BREaK!,PST,3.5
BUCHiGiRE Berserker,FTR,10.8
BUCHiGiRE Berserker,PRS,8.6
BUCHiGiRE Berserker,PST,5
Bullet Waiting for Me (James Landino remix),FTR,8.1
Bullet Waiting for Me (James Landino remix),PRS,4.5
Bullet Waiting for Me (James Landino remix),PST,2.5
Call My Name feat. Yukacco,FTR,8.7
Call My Name feat. Yukacco,PRS,6
Call My Name feat. Yukacco,PST,3.5
Callima Karma,FTR,9.8
Callima Karma,PRS,7.5
Callima Karma,PST,3.5
Can I Friend You on Bassbook lol,FTR,9.3
Can I Friend You on Bassbook lol,PRS,6.5
Can I Friend You on Bassbook lol,PST,3
Capella,FTR,10.2
Capella,PRS,7.8
Capella,PST,4.5
carmine scythe,FTR,9.6
carmine scythe,PRS,7.8
carmine scythe,PST,4
CHAOS,FTR,10.9
CHAOS,PRS,7.5
CHAOS,PST,5.5
Chelsea,FTR,8.9
Chelsea,PRS,6
Chelsea,PST,3
Chromafill,FTR,10
Chromafill,PRS,7
Chromafill,PST,4
Chronicle,FTR,10.5
Chronicle,PRS,8.9
Chronicle,PST,5
Chronostasis,FTR,8.9
Chronostasis,PRS,7.5
Chronostasis,PST,3.5
Climax,FTR,10.4
Climax,PRS,7.8
Climax,PST,4.5
Clotho and the stargazer,ETR,8.8
Clotho and the stargazer,FTR,7.8
Clotho and the stargazer,PRS,5
Clotho and the stargazer,PST,2
Coastal Highway,FTR,9.1
Coastal Highway,PRS,6
Coastal Highway,PST,3
cocoro cosmetic,FTR,9.2
cocoro cosmetic,PRS,7
cocoro cosmetic,PST,3
conflict,FTR,10.2
conflict,PRS,7.5
conflict,PST,4.5
corps-sans-organes,FTR,10.6
corps-sans-organes,PRS,7.8
corps-sans-organes,PST,4.5
Corruption,FTR,9.8
Corruption,PRS,6.5
Corruption,PST,3
Cosmica,FTR,8.8
Cosmica,PRS,5
Cosmica,PST,2.5
Cosmo Pop Funclub,FTR,8.8
Cosmo Pop Funclub,PRS,6
Cosmo Pop Funclub,PST,2.5
Crimson Quartz,ETR,9.8
Crimson Quartz,FTR,8.8
Crimson Quartz,PRS,6
Crimson Quartz,PST,3
Crimson Throne,FTR,10.6
Crimson Throne,PRS,8
Crimson Throne,PST,4
CROSS+OVER,FTR,9.4
CROSS+OVER,PRS,6.5
CROSS+OVER,PST,4
CROSS+SOUL,FTR,9.4
CROSS+SOUL,PRS,7
CROSS+SOUL,PST,4
cry of viyella,FTR,8.7
cry of viyella,PRS,6
cry of viyella,PST,3.5
Crystal Gravity,FTR,9.4
Crystal Gravity,PRS,6.5
Crystal Gravity,PST,3.5
Cyaegha,FTR,10.7
Cyaegha,PRS,8.4
Cyaegha,PST,5.5
cyanine,FTR,10.6
cyanine,PRS,7.8
cyanine,PST,4
Cybernecia Catharsis,BYD,9.8
Cybernecia Catharsis,FTR,9.5
Cybernecia Catharsis,PRS,7
Cybernecia Catharsis,PST,4
CYCLES,FTR,8.8
CYCLES,PRS,5
CYCLES,PST,2
DA'AT -The First Seeker of Souls-,FTR,10.9
DA'AT -The First Seeker of Souls-,PRS,8.4
DA'AT -The First Seeker of Souls-,PST,5.5
Dancin' on a Cat's Paw,FTR,9.2
Dancin' on a Cat's Paw,PRS,6
Dancin' on a Cat's Paw,PST,3
Dandelion,FTR,8.5
Dandelion,PRS,6
Dandelion,PST,2.5
Dantalion,FTR,10.8
Dantalion,PRS,8.2
Dantalion,PST,5
DataErr0r,FTR,9.5
DataErr0r,PRS,7
DataErr0r,PST,3
Dazzle hop,FTR,9.7
Dazzle hop,PRS,6.5
Dazzle hop,PST,3.5
DDD,FTR,8.5
DDD,PRS,6.5
DDD,PST,2.5
Death By Glamour,ETR,9.4
Death By Glamour,FTR,7.8
Death By Glamour,PRS,5
Death By Glamour,PST,2.5
Defection,FTR,9.8
Defection,PRS,6.5
Defection,PST,3.5
Dematerialized,ETR,8.3
Dematerialized,FTR,7.5
Dematerialized,PRS,4.5
Dematerialized,PST,1.5
Dement ~after legend~,BYD,9.9
Dement ~after legend~,FTR,7.8
Dement ~after legend~,PRS,6
Dement ~after legend~,PST,3.5
Designant.,BYD,11.9
Designant.,FTR,10.9
Designant.,PRS,9.6
Designant.,PST,7.5
Desive,ETR,10.8
Desive,FTR,9.9
Desive,PRS,8
Desive,PST,5
Devillic Sphere,FTR,9.9
Devillic Sphere,PRS,7.8
Devillic Sphere,PST,4
Dialnote,FTR,8.8
Dialnote,PRS,6
Dialnote,PST,3
Dies irae,ETR,10.6
Dies irae,FTR,9.5
Dies irae,PRS,7.5
Dies irae,PST,4.5
Diode,FTR,8.1
Diode,PRS,5.5
Diode,PST,2.5
Distorted Fate,ETR,10.8
Distorted Fate,FTR,9.6
Distorted Fate,PRS,7.8
Distorted Fate,PST,4.5
Distortion Human,FTR,9.9
Distortion Human,PRS,6.5
Distortion Human,PST,3
Divine Light of Myriad,FTR,10.8
Divine Light of Myriad,PRS,7.8
Divine Light of Myriad,PST,4.5
Don't Die,ETR,10.1
Don't Die,FTR,9.4
Don't Die,PRS,7
Don't Die,PST,3.5
Don't Fight The Music,ETR,10.7
Don't Fight The Music,FTR,9.3
Don't Fight The Music,PRS,7.8
Don't Fight The Music,PST,4.5
Dot to Dot feat. Shully,FTR,8.3
Dot to Dot feat. Shully,PRS,6
Dot to Dot feat. Shully,PST,3
Dreadnought,FTR,9.7
Dreadnought,PRS,7
Dreadnought,PST,4
Dream goes on,FTR,7.8
Dream goes on,PRS,5
Dream goes on,PST,1.5
Dreamin' Attraction!!,FTR,9.4
Dreamin' Attraction!!,PRS,7
Dreamin' Attraction!!,PST,4.5
DRG,FTR,9.4
DRG,PRS,7
DRG,PST,3.5
dropdead,PRS,9.5
dropdead,FTR,9.1
dropdead,PST,1.5
Dual Dependency,ETR,10.4
Dual Dependency,FTR,9.5
Dual Dependency,PRS,7.8
Dual Dependency,PST,4.5
Dual Doom Deathmatch,ETR,10.3
Dual Doom Deathmatch,FTR,8.9
Dual Doom Deathmatch,PRS,6.5
Dual Doom Deathmatch,PST,3.5
Dull Blade,FTR,10.5
Dull Blade,PRS,8
Dull Blade,PST,4.5
DX Choseinou Full Metal Shojo,FTR,9.7
DX Choseinou Full Metal Shojo,PRS,6
DX Choseinou Full Metal Shojo,PST,3
Dynitikos,FTR,9.5
Dynitikos,PRS,7.5
Dynitikos,PST,4
Eccentric Tale,FTR,8.4
Eccentric Tale,PRS,5.5
Eccentric Tale,PST,2
eden,FTR,10.5
eden,PRS,8.2
eden,PST,4.5
Ego Eimi,FTR,10.5
Ego Eimi,PRS,8.6
Ego Eimi,PST,5.5
Einherjar Joker,BYD,10.9
Einherjar Joker,FTR,9.8
Einherjar Joker,PRS,7
Einherjar Joker,PST,4
Empire of Winter,FTR,9.1
Empire of Winter,PRS,6.5
Empire of Winter,PST,3.5
enchanted love,FTR,8.6
enchanted love,PRS,4.5
enchanted love,PST,2
End of The Moonlight,FTR,9.5
End of The Moonlight,PRS,5.5
End of The Moonlight,PST,3
ENERGY SYNERGY MATRIX,BYD,10.3
ENERGY SYNERGY MATRIX,FTR,9.6
ENERGY SYNERGY MATRIX,PRS,7
ENERGY SYNERGY MATRIX,PST,3.5
epitaxy,ETR,9.6
epitaxy,FTR,8.6
epitaxy,PRS,6
epitaxy,PST,3
Equilibrium,FTR,9.4
Equilibrium,PRS,6.5
Equilibrium,PST,3.5
Essence of Twilight,FTR,9.1
Essence of Twilight,PRS,7
Essence of Twilight,PST,4.5
Ether Strike,FTR,10.3
Ether Strike,PRS,8.3
Ether Strike,PST,5.5
Evening in Scarlet,FTR,9.5
Evening in Scarlet,PRS,7
Evening in Scarlet,PST,4
Evoltex (poppi'n mix),FTR,8.9
Evoltex (poppi'n mix),PRS,7
Evoltex (poppi'n mix),PST,2
Extradimensional Cosmic Phenomenon,ETR,11.3
Extradimensional Cosmic Phenomenon,FTR,10.6
Extradimensional Cosmic Phenomenon,PRS,8.8
Extradimensional Cosmic Phenomenon,PST,6.5
Faint Light (Arcaea Edit),FTR,9.1
Faint Light (Arcaea Edit),PRS,6
Faint Light (Arcaea Edit),PST,3
Fairytale,BYD,9.5
Fairytale,FTR,7
Fairytale,PRS,3.5
Fairytale,PST,1
Fallensquare,FTR,9.7
Fallensquare,PRS,7.5
Fallensquare,PST,3
False Embellishment,FTR,9.3
False Embellishment,PRS,6.5
False Embellishment,PST,3.5
FANTA5Y,FTR,9.4
FANTA5Y,PRS,7
FANTA5Y,PST,3
Far Away Light,FTR,9.8
Far Away Light,PRS,7.8
Far Away Light,PST,4.5
Feels So Right feat. Renko,FTR,9.3
Feels So Right feat. Renko,PRS,6.5
Feels So Right feat. Renko,PST,3.5
Felis,FTR,10.4
Felis,PRS,7.5
Felis,PST,4
felys final remix,FTR,9.5
felys final remix,PRS,6.5
felys final remix,PST,3
Filament,FTR,9.7
Filament,PRS,7.8
Filament,PST,4.5
Final Step!,FTR,9.4
Final Step!,PRS,6.5
Final Step!,PST,3.5
First Snow,FTR,7.8
First Snow,PRS,4.5
First Snow,PST,2.5
Flashback,FTR,8.9
Flashback,PRS,5
Flashback,PST,2
Floating World,FTR,9.3
Floating World,PRS,7
Floating World,PST,3
FLUFFY FLASH,FTR,9.8
FLUFFY FLASH,PRS,6.5
FLUFFY FLASH,PST,3.5
Flyburg and Endroll,FTR,9
Flyburg and Endroll,PRS,6
Flyburg and Endroll,PST,3
Fracture Ray,FTR,11.1
Fracture Ray,PRS,9.5
Fracture Ray,PST,6
Free Myself,FTR,10
Free Myself,PRS,7.5
Free Myself,PST,4.5
FREEF4LL,BYD,9.8
FREEF4LL,FTR,8.6
FREEF4LL,PRS,7
FREEF4LL,PST,4
FURETE-MITAI,ETR,9.4
FURETE-MITAI,FTR,8.4
FURETE-MITAI,PRS,6
FURETE-MITAI,PST,2.5
G e n g a o z o,FTR,10.1
G e n g a o z o,PRS,8.1
G e n g a o z o,PST,4
Galactic Love,FTR,9
Galactic Love,PRS,6.5
Galactic Love,PST,3
Galaxy Friends,FTR,9.9
Galaxy Friends,PRS,6
Galaxy Friends,PST,3.5
Garakuta Doll Play,FTR,10.4
Garakuta Doll Play,PRS,6.5
Garakuta Doll Play,PST,4.5
Gekka (short version),FTR,8.6
Gekka (short version),PRS,6.5
Gekka (short version),PST,4
Genesis (Iris),FTR,8.2
Genesis (Iris),PRS,5.5
Genesis (Iris),PST,2
Genesis (Morrigan feat. Lily),FTR,9.8
Genesis (Morrigan feat. Lily),PRS,7
Genesis (Morrigan feat. Lily),PST,4
GENOCIDER,FTR,10.8
GENOCIDER,PRS,8.9
GENOCIDER,PST,4.5
Gensou no Satellite,ETR,10.1
Gensou no Satellite,FTR,8.7
Gensou no Satellite,PRS,6.5
Gensou no Satellite,PST,2.5
GIMME DA BLOOD,FTR,10.5
GIMME DA BLOOD,PRS,7.5
GIMME DA BLOOD,PST,3.5
GIMMICK,FTR,9.5
GIMMICK,PRS,6.5
GIMMICK,PST,2.5
Give Me a Nightmare,FTR,8.9
Give Me a Nightmare,PRS,5.5
Give Me a Nightmare,PST,3.5
GLORY ROAD,FTR,10.5
GLORY ROAD,PRS,7
GLORY ROAD,PST,4.5
Glow,FTR,9.3
Glow,PRS,7.5
Glow,PST,4
goldenslaughterer,FTR,9.7
goldenslaughterer,PRS,6.5
goldenslaughterer,PST,4
Good bye Merry-Go-Round.,FTR,10.6
Good bye Merry-Go-Round.,PRS,7.5
Good bye Merry-Go-Round.,PST,4.5
GOODTEK (Arcaea Edit),BYD,9.8
GOODTEK (Arcaea Edit),FTR,9.3
GOODTEK (Arcaea Edit),PRS,6.5
GOODTEK (Arcaea Edit),PST,4
Got hive of Ra,FTR,9.8
Got hive of Ra,PRS,6.5
Got hive of Ra,PST,3
Grievous Lady,FTR,11.1
Grievous Lady,PRS,9.3
Grievous Lady,PST,6.5
Grimheart,FTR,8.7
Grimheart,PRS,5
Grimheart,PST,2.5
Hailstone,FTR,9.7
Hailstone,PRS,7
Hailstone,PST,3.5
Halcyon,FTR,10.5
Halcyon,PRS,8.2
Halcyon,PST,5.5
Hall of Mirrors,FTR,8.2
Hall of Mirrors,PRS,5.5
Hall of Mirrors,PST,3
Harutopia ~Utopia of Spring~,FTR,8.5
Harutopia ~Utopia of Spring~,PRS,4.5
Harutopia ~Utopia of Spring~,PST,1
Haze of Autumn,FTR,9.8
Haze of Autumn,PRS,7
Haze of Autumn,PST,3.5
Head BONK ache,FTR,9.4
Head BONK ache,PRS,7
Head BONK ache,PST,4
Heart,FTR,9.6
Heart,PRS,5
Heart,PST,1
Heart Jackin',FTR,9.7
Heart Jackin',PRS,5.5
Heart Jackin',PST,3
Heartache,ETR,8.7
Heartache,FTR,7.5
Heartache,PRS,4.5
Heartache,PST,1.5
Heavenly caress,FTR,9.8
Heavenly caress,PRS,7.5
Heavenly caress,PST,3.5
Heavensdoor,BYD,10.8
Heavensdoor,FTR,9.9
Heavensdoor,PRS,7.5
Heavensdoor,PST,4.5
HELLOHELL,ETR,9.3
HELLOHELL,FTR,7.5
HELLOHELL,PRS,5
HELLOHELL,PST,2.5
Hidden Rainbows of Epicurus,ETR,8.8
Hidden Rainbows of Epicurus,FTR,7.5
Hidden Rainbows of Epicurus,PRS,5.5
Hidden Rainbows of Epicurus,PST,2.5
Hiiro Gekka, Kyoushou no Zetsu (nayuta 2017 ver.),FTR,10.3
Hiiro Gekka, Kyoushou no Zetsu (nayuta 2017 ver.),PRS,6.5
Hiiro Gekka, Kyoushou no Zetsu (nayuta 2017 ver.),PST,3.5
Hikari,FTR,8.1
Hikari,PRS,6
Hikari,PST,2.5
HIVEMIND,FTR,10
HIVEMIND,PRS,8.6
HIVEMIND,PST,4
Hotarubi no Yuki,FTR,9.7
Hotarubi no Yuki,PRS,7
Hotarubi no Yuki,PST,3.5
Hybris (The one who shattered),FTR,9.8
Hybris (The one who shattered),PRS,7.8
Hybris (The one who shattered),PST,4.5
HYPER VISION,FTR,9.8
HYPER VISION,PRS,7.5
HYPER VISION,PST,4.5
Hypnotize,ETR,9.9
Hypnotize,FTR,8.9
Hypnotize,PRS,7
Hypnotize,PST,3.5
I want You,ETR,9.4
I want You,FTR,8.3
I want You,PRS,5.5
I want You,PST,3
I've heard it said,FTR,8.1
I've heard it said,PRS,6
I've heard it said,PST,3.5
Iconoclast,FTR,9.1
Iconoclast,PRS,7
Iconoclast,PST,4
Ignition,FTR,9.8
Ignition,PRS,6
Ignition,PST,3.5
Ignotus,FTR,9.3
Ignotus,PRS,6.5
Ignotus,PST,3.5
Ignotus Afterburn,BYD,9.9
Ii,FTR,10.8
Ii,PRS,8.9
Ii,PST,5
Ikazuchi,FTR,10.3
Ikazuchi,PRS,7.5
Ikazuchi,PST,3.5
Illegal Paradise,FTR,9.5
Illegal Paradise,PRS,7
Illegal Paradise,PST,2
IMPACT,BYD,10.4
IMPACT,FTR,9.6
IMPACT,PRS,7.8
IMPACT,PST,3.5
Impure Bird,FTR,9.4
Impure Bird,PRS,5.5
Impure Bird,PST,2
In Vain,FTR,9.5
In Vain,PRS,6.5
In Vain,PST,3.5
Infinite Strife,BYD,10.9
Infinite Strife,FTR,9.9
Infinite Strife,PRS,7.5
Infinite Strife,PST,4
Infinity Heaven,BYD,9.6
Infinity Heaven,FTR,7.8
Infinity Heaven,PRS,5.5
Infinity Heaven,PST,1.5
init(),FTR,9.8
init(),PRS,7.5
init(),PST,4
inkar usi,BYD,9.4
inkar usi,FTR,7.8
inkar usi,PRS,4
inkar usi,PST,2
Innocence,ETR,9.7
Innocence,FTR,8.5
Innocence,PRS,6.5
Innocence,PST,3
INTERNET OVERDOSE,FTR,8.4
INTERNET OVERDOSE,PRS,6.5
INTERNET OVERDOSE,PST,3
INTERNET YAMERO,FTR,9.9
INTERNET YAMERO,PRS,7.8
INTERNET YAMERO,PST,4.5
Inverted World,ETR,10.7
Inverted World,FTR,9.5
Inverted World,PRS,7
Inverted World,PST,3
IONOSTREAM,ETR,9.7
IONOSTREAM,FTR,8.7
IONOSTREAM,PRS,6
IONOSTREAM,PST,3.5
IZANA,FTR,10.3
IZANA,PRS,8.3
IZANA,PST,5
Jingle,ETR,9.5
Jingle,FTR,7.8
Jingle,PRS,5.5
Jingle,PST,2.5
Journey,FTR,9.1
Journey,PRS,6
Journey,PST,3
Judgement,FTR,10.5
Judgement,PRS,8.6
Judgement,PST,5.5
Jump,FTR,9
Jump,PRS,6
Jump,PST,4
Kanagawa Cyber Culvert,BYD,9.8
Kanagawa Cyber Culvert,FTR,9
Kanagawa Cyber Culvert,PRS,5.5
Kanagawa Cyber Culvert,PST,1
Kanbu de Tomatte Sugu Tokeru,FTR,10.1
Kanbu de Tomatte Sugu Tokeru,PRS,7.5
Kanbu de Tomatte Sugu Tokeru,PST,4
Kanjou no Matenrou,FTR,9.8
Kanjou no Matenrou,PRS,6.5
Kanjou no Matenrou,PST,3.5
Kissing Lucifer,FTR,10.4
Kissing Lucifer,PRS,7.8
Kissing Lucifer,PST,4.5
KYOREN ROMANCE,FTR,10.7
KYOREN ROMANCE,PRS,7.8
KYOREN ROMANCE,PST,4
La'qryma of the Wasteland,BYD,10
La'qryma of the Wasteland,FTR,9.1
La'qryma of the Wasteland,PRS,6.5
La'qryma of the Wasteland,PST,3.5
Ladymade Star,ETR,9.2
Ladymade Star,FTR,8.4
Ladymade Star,PRS,6.5
Ladymade Star,PST,2.5
Lament Rain,BYD,11.4
Lament Rain,FTR,10.6
Lament Rain,PRS,8.8
Lament Rain,PST,5.5
LAMIA,FTR,11
LAMIA,PRS,8.5
LAMIA,PST,5
Lapis,FTR,9.4
Lapis,PRS,6
Lapis,PST,2
Last,FTR,9
Last,PRS,7
Last,PST,4
Last Eternity,BYD,9.7
Last Moment,BYD,9.6
Last Celebration,FTR,10.4
Last Celebration,PRS,6.5
Last Celebration,PST,3.5
Last Goodbye,ETR,9.7
Last Goodbye,FTR,8.2
Last Goodbye,PRS,6.5
Last Goodbye,PST,2.5
lastendconductor,BYD,10.2
lastendconductor,FTR,9.4
lastendconductor,PRS,7.5
lastendconductor,PST,3.5
Lawless Point,FTR,9
Lawless Point,PRS,6
Lawless Point,PST,3
Lazy Addiction,FTR,9.6
Lazy Addiction,PRS,6
Lazy Addiction,PST,2.5
Leave All Behind,FTR,9.2
Leave All Behind,PRS,5.5
Leave All Behind,PST,2
Let you DIVE! (nitro rmx),FTR,9.4
Let you DIVE! (nitro rmx),PRS,6.5
Let you DIVE! (nitro rmx),PST,3
Let's Rock (Arcaea mix),FTR,9.7
Let's Rock (Arcaea mix),PRS,7
Let's Rock (Arcaea mix),PST,3
Lethaeus,FTR,9.7
Lethaeus,PRS,6.5
Lethaeus,PST,3.5
Lethal Voltage,FTR,10.4
Lethal Voltage,PRS,7.8
Lethal Voltage,PST,4.5
Liar,FTR,10
Liar,PRS,7.8
Liar,PST,4.5
Libertas,BYD,10.5
Libertas,FTR,9.2
Libertas,PRS,5.5
Libertas,PST,3.5
Life is PIANO,FTR,9.1
Life is PIANO,PRS,6
Life is PIANO,PST,3.5
LiftOff,ETR,9.8
LiftOff,FTR,8.2
LiftOff,PRS,6.5
LiftOff,PST,3
Lightning Screw,FTR,10.5
Lightning Screw,PRS,7.8
Lightning Screw,PST,4.5
Lights of Muse,FTR,8.9
Lights of Muse,PRS,6
Lights of Muse,PST,2.5
Lilly,ETR,10.8
Lilly,FTR,9.9
Lilly,PRS,8.4
Lilly,PST,5
Linear Accelerator,FTR,9.8
Linear Accelerator,PRS,6
Linear Accelerator,PST,2
Live Fast Die Young,FTR,10.6
Live Fast Die Young,PRS,8.5
Live Fast Die Young,PST,4.5
LIGHT MY WAY,FTR,9.8
LIGHT MY WAY,PRS,7.5
LIGHT MY WAY,PST,4.5
Logos,FTR,10.2
Logos,PRS,7.8
Logos,PST,4
Loschen,FTR,10.2
Loschen,PRS,7
Loschen,PST,3.5
Lost Civilization,BYD,9.8
Lost Civilization,FTR,9.2
Lost Civilization,PRS,7
Lost Civilization,PST,4
Lost Desire,FTR,9.8
Lost Desire,PRS,7.8
Lost Desire,PST,4
Lost Emotion feat. nomico,FTR,9.3
Lost Emotion feat. nomico,PRS,7
Lost Emotion feat. nomico,PST,3.5
Lost in the Abyss,FTR,9.7
Lost in the Abyss,PRS,6.5
Lost in the Abyss,PST,3.5
Loveless Dress,FTR,9.7
Loveless Dress,PRS,6.5
Loveless Dress,PST,3.5
Lucid Traveler,FTR,10.5
Lucid Traveler,PRS,8.9
Lucid Traveler,PST,4.5
Lucifer,FTR,8.2
Lucifer,PRS,5.5
Lucifer,PST,3.5
Lumia,BYD,9.5
Lumia,FTR,8.4
Lumia,PRS,5.5
Lumia,PST,2.5
Luna Rossa,FTR,9.7
Luna Rossa,PRS,6
Luna Rossa,PST,3
LunarOrbit -believe in the Espebranch road-,FTR,9.6
LunarOrbit -believe in the Espebranch road-,PRS,6
LunarOrbit -believe in the Espebranch road-,PST,3.5
Macrocosmic Modulation,FTR,9.8
Macrocosmic Modulation,PRS,7.8
Macrocosmic Modulation,PST,4
Magnolia,FTR,10.2
Magnolia,PRS,7.8
Magnolia,PST,4.5
MAHOROBA,FTR,9.5
MAHOROBA,PRS,6.5
MAHOROBA,PST,3
Malicious Mischance,FTR,10.2
Malicious Mischance,PRS,7.8
Malicious Mischance,PST,4
Manic Jeer,FTR,10.6
Manic Jeer,PRS,7.8
Manic Jeer,PST,4
MANTIS (Arcaea Ultra-Bloodrush VIP),FTR,9.4
MANTIS (Arcaea Ultra-Bloodrush VIP),PRS,7
MANTIS (Arcaea Ultra-Bloodrush VIP),PST,3
Masquerade Legion,FTR,10
Masquerade Legion,PRS,6.5
Masquerade Legion,PST,3.5
MAXRAGE,FTR,9.9
MAXRAGE,PRS,6.5
MAXRAGE,PST,3.5
Maze No.9,FTR,8.9
Maze No.9,PRS,3.5
Maze No.9,PST,3
Mazy Metroplex,FTR,9.8
Mazy Metroplex,PRS,7.8
Mazy Metroplex,PST,3
Medusa,FTR,10.1
Medusa,PRS,7
Medusa,PST,4.5
MEGALOVANIA,ETR,10.5
MEGALOVANIA,FTR,9.5
MEGALOVANIA,PRS,7.5
MEGALOVANIA,PST,4.5
MEGALOVANIA (Camellia Remix),ETR,10.9
MEGALOVANIA (Camellia Remix),FTR,9.8
MEGALOVANIA (Camellia Remix),PRS,8.4
MEGALOVANIA (Camellia Remix),PST,5.5
Memory Forest,FTR,9.8
Memory Forest,PRS,6
Memory Forest,PST,3.5
memoryfactory.lzh,FTR,8.9
memoryfactory.lzh,PRS,5.5
memoryfactory.lzh,PST,2.5
MERLIN,BYD,9.4
MERLIN,FTR,8.9
MERLIN,PRS,5.5
MERLIN,PST,3
Meta-Mysteria,FTR,10.8
Meta-Mysteria,PRS,7.8
Meta-Mysteria,PST,5
Metallic Punisher,FTR,10.3
Metallic Punisher,PRS,7
Metallic Punisher,PST,3
Miles,ETR,9.8
Miles,FTR,8.2
Miles,PRS,6.5
Miles,PST,3.5
MIRINAE,FTR,10.4
MIRINAE,PRS,8.3
MIRINAE,PST,4.5
Mirzam,FTR,9.9
Mirzam,PRS,7.5
Mirzam,PST,4
Misdeed -la bonte de Dieu et l'origine du mal-,FTR,10.9
Misdeed -la bonte de Dieu et l'origine du mal-,PRS,8.5
Misdeed -la bonte de Dieu et l'origine du mal-,PST,5.5
Modelista,FTR,9.9
Modelista,PRS,7.5
Modelista,PST,3.5
Monochrome Princess,FTR,9.7
Monochrome Princess,PRS,7.8
Monochrome Princess,PST,4.5
Moonheart,BYD,9.7
Moonheart,FTR,8.4
Moonheart,PRS,5.5
Moonheart,PST,2.5
Moonlight of Sand Castle,FTR,7.8
Moonlight of Sand Castle,PRS,5
Moonlight of Sand Castle,PST,1.5
MORNINGLOOM,ETR,9.8
MORNINGLOOM,FTR,8.8
MORNINGLOOM,PRS,6.5
MORNINGLOOM,PST,3
MVURBD,FTR,10.6
MVURBD,PRS,7.8
MVURBD,PST,4.5
Nameless Passion,FTR,9.8
Nameless Passion,PRS,7
Nameless Passion,PST,3
NEO WINGS,FTR,10.2
NEO WINGS,PRS,7.5
NEO WINGS,PST,4
New York Back Raise,FTR,9.9
New York Back Raise,PRS,7
New York Back Raise,PST,4.5
next to you,BYD,9.6
next to you,FTR,8.8
next to you,PRS,7
next to you,PST,4.5
Nhelv,BYD,10.9
Nhelv,FTR,9.9
Nhelv,PRS,6.5
Nhelv,PST,3
Nightmare,ETR,10.8
Nightmare,FTR,9.8
Nightmare,PRS,7.8
Nightmare,PST,4.5
Nirv lucE,FTR,10.2
Nirv lucE,PRS,7
Nirv lucE,PST,2.5
NULCTRL,FTR,9.5
NULCTRL,PRS,7.5
NULCTRL,PST,3
NULL APOPHENIA,FTR,10.7
NULL APOPHENIA,PRS,8.8
NULL APOPHENIA,PST,4.5
neo kosmo,FTR,9.7
neo kosmo,PRS,7.8
neo kosmo,PST,4
Oblivia,BYD,9.7
Oblivia,FTR,8.3
Oblivia,PRS,5
Oblivia,PST,3.5
OBLIVION,ETR,10.1
OBLIVION,FTR,9.5
OBLIVION,PRS,7
OBLIVION,PST,4
Old School Salvage,FTR,9.8
Old School Salvage,PRS,7.8
Old School Salvage,PST,4
OMAKENO Stroke,BYD,10.3
OMAKENO Stroke,FTR,9.5
OMAKENO Stroke,PRS,6.5
OMAKENO Stroke,PST,3
On And On!! feat. Jenga,FTR,9.5
On And On!! feat. Jenga,PRS,7
On And On!! feat. Jenga,PST,3
One Last Drive,FTR,8.2
One Last Drive,PRS,5.5
One Last Drive,PST,2.5
Oracle,FTR,9.3
Oracle,PRS,5.5
Oracle,PST,3
Oshama Scramble!,FTR,10
Oshama Scramble!,PRS,6.5
Oshama Scramble!,PST,3.5
ouroboros -twin stroke of the end-,FTR,10.7
ouroboros -twin stroke of the end-,PRS,7.5
ouroboros -twin stroke of the end-,PST,4.5
Ouverture,FTR,9.8
Ouverture,PRS,7.5
Ouverture,PST,2.5
overdead,BYD,10.5
Overwhelm,FTR,10.6
Overwhelm,PRS,8.5
Overwhelm,PST,5
Paper Witch,FTR,8.7
Paper Witch,PRS,5
Paper Witch,PST,2
Paradise,FTR,7.8
Paradise,PRS,4
Paradise,PST,1
Particle Arts,FTR,8.8
Particle Arts,PRS,6
Particle Arts,PST,3.5
Party Vinyl,BYD,10.3
Party Vinyl,FTR,9.4
Party Vinyl,PRS,7.8
Party Vinyl,PST,4
Pentiment,BYD,11.5
Pentiment,FTR,10.4
Pentiment,PRS,8.7
Pentiment,PST,7
Phantasia,FTR,9.2
Phantasia,PRS,5.5
Phantasia,PST,4
PICO-Pico-Translation!,FTR,9.4
PICO-Pico-Translation!,PRS,6
PICO-Pico-Translation!,PST,2
Placebo Battler,FTR,10.4
Placebo Battler,PRS,8.3
Placebo Battler,PST,5.5
PRAGMATISM,FTR,10.1
PRAGMATISM,PRS,8.6
PRAGMATISM,PST,4.5
PRAGMATISM -RESURRECTION-,BYD,11.2
Prayer,ETR,9.1
Prayer,FTR,8.2
Prayer,PRS,5.5
Prayer,PST,2.5
Primeval Texture,FTR,9
Primeval Texture,PRS,7.5
Primeval Texture,PST,3
PRIMITIVE LIGHTS,FTR,10.8
PRIMITIVE LIGHTS,PRS,8.8
PRIMITIVE LIGHTS,PST,5.5
Prism,FTR,8
Prism,PRS,5
Prism,PST,2
Protoflicker,FTR,9.8
Protoflicker,PRS,7
Protoflicker,PST,3
PUPA,FTR,10.4
PUPA,PRS,7.8
PUPA,PST,4
Purgatorium,BYD,9.6
Purgatorium,FTR,8.4
Purgatorium,PRS,6
Purgatorium,PST,2.5
Purple Verse,BYD,10.6
Purple Verse,FTR,9.6
Purple Verse,PRS,7.5
Purple Verse,PST,4
Qovat,FTR,10.4
Qovat,PRS,8.2
Qovat,PST,4.5
qualia -ideaesthesia-,BYD,9.8
qualia -ideaesthesia-,FTR,9.1
qualia -ideaesthesia-,PRS,7
qualia -ideaesthesia-,PST,4.5
Quon (DJ Noriken),BYD,10.2
Quon (DJ Noriken),FTR,8.7
Quon (DJ Noriken),PRS,6
Quon (DJ Noriken),PST,2.5
Quon (Feryquitous),FTR,9.6
Quon (Feryquitous),PRS,6.5
Quon (Feryquitous),PST,4
Rabbit In The Black Room,FTR,8.4
Rabbit In The Black Room,PRS,5
Rabbit In The Black Room,PST,2
Rain of Conflict in a Radiant Abyss,ETR,10.5
Rain of Conflict in a Radiant Abyss,FTR,9.5
Rain of Conflict in a Radiant Abyss,PRS,7.8
Rain of Conflict in a Radiant Abyss,PST,5
Raven's Pride,FTR,9.4
Raven's Pride,PRS,7
Raven's Pride,PST,3
Rays of Remnant,BYD,10.4
Rays of Remnant,FTR,9.7
Rays of Remnant,PRS,7.5
Rays of Remnant,PST,4.5
REconstruction,FTR,8.4
REconstruction,PRS,6
REconstruction,PST,2.5
Red and Blue,FTR,9.4
Red and Blue,PRS,7.8
Red and Blue,PST,4
Red and Blue and Green,BYD,10.2
Redolent Shape,FTR,10.2
Redolent Shape,PRS,7.5
Redolent Shape,PST,4.5
Redraw the Colorless World,FTR,9.4
Redraw the Colorless World,PRS,6.5
Redraw the Colorless World,PST,4
Reinvent,FTR,8.5
Reinvent,PRS,6.5
Reinvent,PST,2.5
REKKA RESONANCE,FTR,10.7
REKKA RESONANCE,PRS,8.9
REKKA RESONANCE,PST,5
Relentless,FTR,8
Relentless,PRS,6.5
Relentless,PST,4.5
Remind the Souls (short version),FTR,9.6
Remind the Souls (short version),PRS,7
Remind the Souls (short version),PST,3.5
Renegade,BYD,10.2
Renegade,FTR,9.6
Renegade,PRS,7.8
Renegade,PST,4.5
ReviXy,FTR,9.1
ReviXy,PRS,7
ReviXy,PST,3
RGB,FTR,9.8
RGB,PRS,7.8
RGB,PST,4
Ringed Genesis,FTR,10.8
Ringed Genesis,PRS,8.4
Ringed Genesis,PST,5.5
Rise,FTR,7.8
Rise,PRS,4
Rise,PST,2.5
Rise of the World,FTR,10.5
Rise of the World,PRS,8.1
Rise of the World,PST,4.5
Romance Wars,FTR,7.8
Romance Wars,PRS,4
Romance Wars,PST,1
Rugie,FTR,9.2
Rugie,PRS,6
Rugie,PST,3
SACRIFICE feat. ayame,FTR,9.7
SACRIFICE feat. ayame,PRS,7.5
SACRIFICE feat. ayame,PST,3.5
SAIKYO STRONGER,FTR,11
SAIKYO STRONGER,PRS,9.4
SAIKYO STRONGER,PST,5.5
Saint or Sinner,FTR,8.8
Saint or Sinner,PRS,6
Saint or Sinner,PST,3
Sakura Fubuki,FTR,9.4
Sakura Fubuki,PRS,6.5
Sakura Fubuki,PST,3.5
san skia,FTR,8.3
san skia,PRS,6
san skia,PST,3.5
SATISFACTION,ETR,9.5
SATISFACTION,FTR,8.5
SATISFACTION,PRS,6.5
SATISFACTION,PST,3.5
Sayonara Hatsukoi,ETR,8.5
Sayonara Hatsukoi,FTR,7
Sayonara Hatsukoi,PRS,4.5
Sayonara Hatsukoi,PST,1.5
Scarlet Cage,FTR,9.8
Scarlet Cage,PRS,7.5
Scarlet Cage,PST,4
Scarlet Lance,FTR,10
Scarlet Lance,PRS,7
Scarlet Lance,PST,4
Scarlet Lunar Empress,FTR,9.8
Scarlet Lunar Empress,PRS,7
Scarlet Lunar Empress,PST,3.5
Seclusion,FTR,10.6
Seclusion,PRS,7.5
Seclusion,PST,4
See the Lights!,ETR,9.6
See the Lights!,FTR,8.6
See the Lights!,PRS,6.5
See the Lights!,PST,3.5
Senkyou,FTR,8.7
Senkyou,PRS,5.5
Senkyou,PST,3
Shades of Light in a Transcendent Realm,BYD,9.1
Shades of Light in a Transcendent Realm,FTR,8.3
Shades of Light in a Transcendent Realm,PRS,6
Shades of Light in a Transcendent Realm,PST,3
Sheriruth,FTR,10
Sheriruth,PRS,7.5
Sheriruth,PST,5.5
Sheriruth (Laur Remix),FTR,10.5
Sheriruth (Laur Remix),PRS,7.8
Sheriruth (Laur Remix),PST,4
Shinchoku Doudesuka,ETR,9.9
Shinchoku Doudesuka,FTR,8.8
Shinchoku Doudesuka,PRS,7.5
Shinchoku Doudesuka,PST,3.5
shrink,FTR,9.8
shrink,PRS,7
shrink,PST,3.5
Sign of 10.5km,FTR,9.2
Sign of 10.5km,PRS,6.5
Sign of 10.5km,PST,3
Silent Rush,FTR,8.6
Silent Rush,PRS,5
Silent Rush,PST,2.5
Singularity,FTR,10.5
Singularity,PRS,7.8
Singularity,PST,4.5
Singularity VVVIP,BYD,10.4
Small Cloud Sugar Candy,FTR,9.3
Small Cloud Sugar Candy,PRS,6.5
Small Cloud Sugar Candy,PST,3
Snow White,BYD,9.7
Snow White,FTR,8.4
Snow White,PRS,5
Snow White,PST,2.5
Solitary Dream,FTR,8.8
Solitary Dream,PRS,7
Solitary Dream,PST,4
Someday,FTR,9.5
Someday,PRS,6.5
Someday,PST,3
SOUNDWiTCH,FTR,9.8
SOUNDWiTCH,PRS,6.5
SOUNDWiTCH,PST,3.5
Specta,FTR,9.4
Specta,PRS,6.5
Specta,PST,3.5
Spider's Thread,FTR,10.8
Spider's Thread,PRS,7.8
Spider's Thread,PST,4.5
Spirit of the Dauntless,FTR,10.5
Spirit of the Dauntless,PRS,7.8
Spirit of the Dauntless,PST,4.5
STAGER (ALL STAGE CLEAR),FTR,9.5
STAGER (ALL STAGE CLEAR),PRS,6.5
STAGER (ALL STAGE CLEAR),PST,3
STARGATE EXTREME,ETR,9.9
STARGATE EXTREME,FTR,9.3
STARGATE EXTREME,PRS,6
STARGATE EXTREME,PST,4
Stasis,FTR,10.8
Stasis,PRS,7
Stasis,PST,4.5
Straight into the lights,ETR,10.5
Straight into the lights,FTR,9.5
Straight into the lights,PRS,7.5
Straight into the lights,PST,4
Stratoliner,FTR,9.6
Stratoliner,PRS,6.5
Stratoliner,PST,3.5
Strongholds,FTR,9.2
Strongholds,PRS,5
Strongholds,PST,2.5
Sulfur,FTR,9.7
Sulfur,PRS,6
Sulfur,PST,4
Summer Fireworks of Love,FTR,9.9
Summer Fireworks of Love,PRS,6.5
Summer Fireworks of Love,PST,3
Suomi,ETR,8.9
Suomi,FTR,7.8
Suomi,PRS,5
Suomi,PST,2
SUPER AMBULANCE,FTR,10.3
SUPER AMBULANCE,PRS,7.5
SUPER AMBULANCE,PST,4.5
SUPERNOVA,FTR,9.7
SUPERNOVA,PRS,6
SUPERNOVA,PST,3
Surrender,FTR,8.8
Surrender,PRS,6.5
Surrender,PST,3
Swan Song,FTR,9.9
Swan Song,PRS,7.5
Swan Song,PST,3
Syriana,FTR,9.9
Syriana,PRS,7.5
Syriana,PST,4.5
Syro,FTR,9.3
Syro,PRS,6.5
Syro,PST,3.5
syuten,FTR,8.5
syuten,PRS,5
syuten,PST,2
Technicolour,FTR,9.8
Technicolour,PRS,7
Technicolour,PST,3.5
Tempestissimo,BYD,11.7
Tempestissimo,FTR,10.7
Tempestissimo,PRS,9.5
Tempestissimo,PST,7
TEmPTaTiON,FTR,10.9
TEmPTaTiON,PRS,8.2
TEmPTaTiON,PST,5
TeraVolt,FTR,10.8
TeraVolt,PRS,8.9
TeraVolt,PST,5
Teriqma,BYD,9.7
Teriqma,FTR,9.4
Teriqma,PRS,6.5
Teriqma,PST,3
Testify,BYD,12
Testify,FTR,10.9
Testify,PRS,9.4
Testify,PST,7.8
The Formula,FTR,9.3
The Formula,PRS,6
The Formula,PST,3
The Message,FTR,9.7
The Message,PRS,6.5
The Message,PST,3
The Survivor (Game Edit),FTR,9.9
The Survivor (Game Edit),PRS,6.5
The Survivor (Game Edit),PST,3.5
THE ULTIMACY,FTR,9.8
THE ULTIMACY,PRS,7
THE ULTIMACY,PST,3
Third Sun,ETR,10
Third Sun,FTR,9.4
Third Sun,PRS,7
Third Sun,PST,3.5
Tic! Tac! Toe!,ETR,9.9
Tic! Tac! Toe!,FTR,8.8
Tic! Tac! Toe!,PRS,7.5
Tic! Tac! Toe!,PST,3.5
Tie me down gently,FTR,8.3
Tie me down gently,PRS,5
Tie me down gently,PST,3
Tiferet,FTR,10.3
Tiferet,PRS,7.8
Tiferet,PST,4.5
To the Furthest Dream,FTR,9.8
To the Furthest Dream,PRS,8.5
To the Furthest Dream,PST,4.5
To the Milky Way,FTR,10.4
To the Milky Way,PRS,8.9
To the Milky Way,PST,5
To Alice Liddell,FTR,10.3
To Alice Liddell,PRS,7.5
To Alice Liddell,PST,4
Transient Space,FTR,9.5
Transient Space,PRS,7
Transient Space,PST,2.5
Trap Crow,FTR,9.9
Trap Crow,PRS,7.8
Trap Crow,PST,4.5
trappola bewitching,BYD,10.6
trappola bewitching,FTR,9.9
trappola bewitching,PRS,6
trappola bewitching,PST,3
TRPNO,FTR,10
TRPNO,PRS,7.8
TRPNO,PST,4.5
Trrricksters!!,FTR,10.1
Trrricksters!!,PRS,7.5
Trrricksters!!,PST,4.5
Tsuki ni Murakumo Hana ni Kaze,FTR,8.7
Tsuki ni Murakumo Hana ni Kaze,PRS,6
Tsuki ni Murakumo Hana ni Kaze,PST,3
Turbocharger,FTR,9
Turbocharger,PRS,6
Turbocharger,PST,2.5
Twilight Concerto,ETR,10.5
Twilight Concerto,FTR,9.5
Twilight Concerto,PRS,7.8
Twilight Concerto,PST,4.5
U.A.D,ETR,9.8
U.A.D,FTR,8.7
U.A.D,PRS,6.5
U.A.D,PST,3.5
Ultimate taste,FTR,9.9
Ultimate taste,PRS,6.5
Ultimate taste,PST,3.5
ultradiaxon-N3,FTR,10.3
ultradiaxon-N3,PRS,8.5
ultradiaxon-N3,PST,4.5
UNKNOWN LEVELS,FTR,10.6
UNKNOWN LEVELS,PRS,8.1
UNKNOWN LEVELS,PST,4
Used to be,FTR,9.2
Used to be,PRS,6.5
Used to be,PST,4
Valhalla0,FTR,10.2
Valhalla0,PRS,7.5
Valhalla0,PST,4.5
Vandalism,FTR,9.7
Vandalism,PRS,7
Vandalism,PST,3.5
VECTOR,FTR,9.4
VECTOR,PRS,7
VECTOR,PST,3
Vexaria,BYD,9
Vexaria,FTR,7
Vexaria,PRS,5
Vexaria,PST,2.5
Vicious [ANTi] Heroism,BYD,11.2
Vicious Heroism,FTR,10
Vicious Heroism,PRS,7.5
Vicious Heroism,PST,4
Vindication,FTR,9.6
Vindication,PRS,6.5
Vindication,PST,4
ViRTUS,ETR,10.9
ViRTUS,FTR,9.9
ViRTUS,PRS,8.6
ViRTUS,PST,5.5
Vivid Theory,FTR,8.8
Vivid Theory,PRS,5
Vivid Theory,PST,2
Viyella's Tears,FTR,10.3
Viyella's Tears,PRS,7.8
Viyella's Tears,PST,4
Vulcanus,FTR,10.9
Vulcanus,PRS,8.5
Vulcanus,PST,5.5
WAIT FOR DAWN,FTR,8.7
WAIT FOR DAWN,PRS,7.8
WAIT FOR DAWN,PST,2.5
Waltz for Lorelei,ETR,9.8
Waltz for Lorelei,FTR,8.8
Waltz for Lorelei,PRS,5.5
Waltz for Lorelei,PST,2.5
We're All Gonna Die,ETR,10.9
We're All Gonna Die,FTR,10.1
We're All Gonna Die,PRS,8
We're All Gonna Die,PST,5.5
Wish Upon a Snow,FTR,10.5
Wish Upon a Snow,PRS,7.5
Wish Upon a Snow,PST,4.5
with U,FTR,9.4
with U,PRS,6.5
with U,PST,2.5
Won't Back Down,FTR,9.8
Won't Back Down,PRS,6.5
Won't Back Down,PST,3.5
World Ender,BYD,11.1
World Ender,FTR,10
World Ender,PRS,7.8
World Ender,PST,4
World Fragments III (radio edit),FTR,9.8
World Fragments III (radio edit),PRS,7
World Fragments III (radio edit),PST,3.5
World Vanquisher,FTR,10.7
World Vanquisher,PRS,5.5
World Vanquisher,PST,2.5
world.execute(me),FTR,8
world.execute(me),PRS,5
world.execute(me),PST,3.5
Xanatos,FTR,10
Xanatos,PRS,7.5
Xanatos,PST,4
Xeraphinite,FTR,9.8
Xeraphinite,PRS,7.5
Xeraphinite,PST,3
XTREME,FTR,10.5
XTREME,PRS,7.8
XTREME,PST,4.5
yomibito_shirazu,FTR,9.8
yomibito_shirazu,PRS,8
yomibito_shirazu,PST,4.5
Yosakura Fubuki,FTR,9.4
Yosakura Fubuki,PRS,7
Yosakura Fubuki,PST,4.5
Your Best Nightmare,BYD,10.2
Your Best Nightmare,FTR,8.9
Your Best Nightmare,PRS,6.5
Your Best Nightmare,PST,3.5
Your voice so... feat. Such,FTR,9.4
Your voice so... feat. Such,PRS,6.5
Your voice so... feat. Such,PST,3.5
aterlbus,FTR,10.2
aterlbus,PRS,7.5
aterlbus,PST,4
yuardina,FTR,10.4
yuardina,PRS,8
yuardina,PST,4
M,FTR,9.7
M,PRS,7.5
M,PST,3.5
ODYSSEIA,FTR,9.5
ODYSSEIA,PRS,7.8
ODYSSEIA,PST,4
Tau,FTR,9.7
Tau,PRS,7.8
Tau,PST,4.5
w4,FTR,10.8
w4,PRS,7.8
w4,PST,3.5