Testify,BYD,12,12,0,"2,221",-,-,0
Designant.,BYD,11+,11.9,0,"2,184",-,-,0
Tempestissimo,BYD,11,11.7,0,"1,540",-,-,0
Arcana Eden,BYD,11,11.6,0,"2,134",-,-,0
Pentiment,BYD,11,11.5,0,"1,741",-,-,0
Aether Crest: Astral,ETR,11,11.5,0,"1,941",-,-,0
Lament Rain,BYD,11,11.4,0,"1,637",-,-,0
ALTER EGO,ETR,11,11.3,0,"1,644",-,-,0
Extradimensional Cosmic Phenomenon,ETR,11,11.3,0,"1,726",-,-,0
Abstruse Dilemma,FTR,11,11.3,0,"1,467",-,-,0
Arghena,FTR,11,11.3,0,"1,444",-,-,0
PRAGMATISM -RESURRECTION-,BYD,11,11.2,0,"1,502",-,-,0
Vicious [ANTi] Heroism,BYD,11,11.2,0,"1,772",-,-,0
Aegleseeker,FTR,11,11.2,0,"1,568",-,-,0
World Ender,BYD,11,11.1,0,"1,661",-,-,0
#1f1e33,FTR,11,11.1,0,"1,576",-,-,0
Fracture Ray,FTR,11,11.1,0,"1,279",-,-,0
Grievous Lady,FTR,11,11.1,0,"1,450",-,-,0
LAMIA,FTR,11,11,0,"1,385",-,-,0
SAIKYO STRONGER,FTR,11,11,0,"1,384",-,-,0
Breach of Faith,BYD,10+,10.9,0,"1,448",-,-,0
Einherjar Joker,BYD,10+,10.9,0,"1,857",-,-,0
"Infinite Strife,",BYD,10+,10.9,0,"1,633",-,-,0
Nhelv,BYD,10+,10.9,0,"1,474",-,-,0
MEGALOVANIA (Camellia Remix),ETR,10+,10.9,0,"1,468",-,-,0
ViRTUS,ETR,10+,10.9,0,"1,341",-,-,0
We're All Gonna Die,ETR,10+,10.9,0,"1,335",-,-,0
And Revive The Melody,FTR,10+,10.9,0,"1,710",-,-,0
CHAOS,FTR,10+,10.9,0,"1,369",-,-,0
DA'AT -The First Seeker of Souls-,FTR,10+,10.9,0,"1,500",-,-,0
Designant.,FTR,10+,10.9,0,"1,768",-,-,0
Misdeed -la bonté de Dieu et l'origine du mal-,FTR,10+,10.9,0,"1,522",-,-,0
TEmPTaTiON,FTR,10+,10.9,0,"1,099",-,-,0
Testify,FTR,10+,10.9,0,"1,766",-,-,0
Vulcānus,FTR,10+,10.9,0,"1,542",-,-,0
Heavensdoor,BYD,10+,10.8,0,"1,534",-,-,0
Désive,ETR,10+,10.8,0,"1,340",-,-,0
Distorted Fate,ETR,10+,10.8,0,"1,402",-,-,0
Lilly,ETR,10+,10.8,0,"1,353",-,-,0
Nightmare,ETR,10+,10.8,0,"1,116",-,-,0
Black MInD,FTR,10+,10.8,0,"1,274",-,-,0
BUCHiGiRE Berserker,FTR,10+,10.8,0,"1,412",-,-,0
Dantalion,FTR,10+,10.8,0,"1,478",-,-,0
Divine Light of Myriad,FTR,10+,10.8,0,"1,021",-,-,0
GENOCIDER,FTR,10+,10.8,0,"1,483",-,-,0
͟͝͞Ⅱ́̕,FTR,10+,10.8,0,"1,051",-,-,0
Meta-Mysteria,FTR,10+,10.8,0,"1,309",-,-,0
PRIMITIVE LIGHTS,FTR,10+,10.8,0,"1,524",-,-,0
Ringed Genesis,FTR,10+,10.8,0,"1,146",-,-,0
Spider's Thread,FTR,10+,10.8,0,"1,203",-,-,0
Stasis,FTR,10+,10.8,0,"1,521",-,-,0
TeraVolt,FTR,10+,10.8,0,"1,008",-,-,0
ω4,FTR,10+,10.8,0,"1,393",-,-,0
Don't Fight The Music,ETR,10+,10.7,0,"1,385",-,-,0
Inverted World,ETR,10+,10.7,0,"1,065",-,-,0
AMAZING MIGHTYYYY!!!!,FTR,10+,10.7,0,"1,249",-,-,0
Cyaegha,FTR,10+,10.7,0,"1,368",-,-,0
KYOREN ROMANCE,FTR,10+,10.7,0,"1,519",-,-,0
NULL APOPHENIA,FTR,10+,10.7,0,"1,299",-,-,0
ouroboros -twin stroke of the end-,FTR,10+,10.7,0,"1,369",-,-,0
REKKA RESONANCE,FTR,10+,10.7,0,"1,212",-,-,0
Tempestissimo,FTR,10+,10.7,0,"1,254",-,-,0
World Vanquisher,FTR,10+,10.7,0,"1,452",-,-,0
Purple Verse,BYD,10,10.6,0,"1,202",-,-,0
trappola bewitching,BYD,10,10.6,0,"1,086",-,-,0
Dies irae,ETR,10,10.6,0,"1,263",-,-,0
[X],FTR,10,10.6,0,"1,190",-,-,0
Aether Crest: Astral,FTR,10,10.6,0,"1,508",-,-,0
Astral Quantization,FTR,10,10.6,0,"1,388",-,-,0
AttraqtiA,FTR,10,10.6,0,"1,433",-,-,0
Axium Crisis,FTR,10,10.6,0,"1,094",-,-,0
Back to Basics,FTR,10,10.6,0,"1,544",-,-,0
corps-sans-organes,FTR,10,10.6,0,"1,077",-,-,0
Crimson Throne,FTR,10,10.6,0,"1,313",-,-,0
cyanine,FTR,10,10.6,0,"1,171",-,-,0
Extradimensional Cosmic Phenomenon,FTR,10,10.6,0,"1,422",-,-,0
"Good bye, Merry-Go-Round.",FTR,10,10.6,0,"1,084",-,-,0
Lament Rain,FTR,10,10.6,0,"1,380",-,-,0
Live Fast Die Young,FTR,10,10.6,0,"1,292",-,-,0
Manic Jeer,FTR,10,10.6,0,"1,286",-,-,0
MVURBD,FTR,10,10.6,0,"1,497",-,-,0
Overwhelm,FTR,10,10.6,0,"1,251",-,-,0
Seclusion,FTR,10,10.6,0,"1,132",-,-,0
UNKNOWN LEVELS,FTR,10,10.6,0,"1,149",-,-,0
Libertas,BYD,10,10.5,0,"1,048",-,-,0
overdead.,BYD,10,10.5,0,"1,503",-,-,0
10pt8ion,ETR,10,10.5,0,"1,087",-,-,0
BlythE,ETR,10,10.5,0,"1,207",-,-,0
MEGALOVANIA,ETR,10,10.5,0,"1,202",-,-,0
Rain of Conflict in a Radiant Abyss,ETR,10,10.5,0,"1,247",-,-,0
Straight into the lights,ETR,10,10.5,0,"1,280",-,-,0
Twilight Concerto,ETR,10,10.5,0,962,-,-,0
Aleph-0,FTR,10,10.5,0,919,-,-,0
ALTER EGO,FTR,10,10.5,0,"1,466",-,-,0
Arcana Eden,FTR,10,10.5,0,"1,792",-,-,0
Aurgelmir,FTR,10,10.5,0,"1,100",-,-,0
Chronicle,FTR,10,10.5,0,"1,264",-,-,0
Dull Blade,FTR,10,10.5,0,"1,199",-,-,0
eden,FTR,10,10.5,0,"1,365",-,-,0
Ego Eimi,FTR,10,10.5,0,"1,223",-,-,0
GIMME DA BLOOD,FTR,10,10.5,0,"1,093",-,-,0
GLORY: ROAD,FTR,10,10.5,0,"1,479",-,-,0
Halcyon,FTR,10,10.5,0,"1,227",-,-,0
Judgement,FTR,10,10.5,0,"1,432",-,-,0
Lightning Screw,FTR,10,10.5,0,"1,192",-,-,0
Lucid Traveler,FTR,10,10.5,0,"1,341",-,-,0
Rise of the World,FTR,10,10.5,0,"1,176",-,-,0
Sheriruth (Laur Remix),FTR,10,10.5,0,"1,134",-,-,0
Singularity,FTR,10,10.5,0,"1,105",-,-,0
Spirit of the Dauntless,FTR,10,10.5,0,"1,207",-,-,0
Wish Upon a Snow,FTR,10,10.5,0,"1,309",-,-,0
XTREME,FTR,10,10.5,0,"1,258",-,-,0
IMPACT,BYD,10,10.4,0,"1,392",-,-,0
Rays of Remnant,BYD,10,10.4,0,"1,118",-,-,0
Singularity VVVIP,BYD,10,10.4,0,"1,114",-,-,0
Dual Dependency,ETR,10,10.4,0,"1,162",-,-,0
Climax,FTR,10,10.4,0,"1,367",-,-,0
Felis,FTR,10,10.4,0,"1,153",-,-,0
Garakuta Doll Play,FTR,10,10.4,0,"1,035",-,-,0
Kissing Lucifer,FTR,10,10.4,0,"1,183",-,-,0
Last Celebration,FTR,10,10.4,0,"1,475",-,-,0
Lethal Voltage,FTR,10,10.4,0,"1,497",-,-,0
MIRINAE,FTR,10,10.4,0,"1,277",-,-,0
Pentiment,FTR,10,10.4,0,"1,345",-,-,0
Placebo♥Battler,FTR,10,10.4,0,"1,194",-,-,0
PUPA,FTR,10,10.4,0,"1,099",-,-,0
Qovat,FTR,10,10.4,0,"1,299",-,-,0
To the Milky Way,FTR,10,10.4,0,"1,392",-,-,0
γuarδina,FTR,10,10.4,0,"1,120",-,-,0
ENERGY SYNERGY MATRIX,BYD,10,10.3,0,"1,011",-,-,0
OMAKENO Stroke,BYD,10,10.3,0,931,-,-,0
Party Vinyl,BYD,10,10.3,0,946,-,-,0
8-EM,ETR,10,10.3,0,"1,201",-,-,0
BREaK! BREaK! BREaK!,ETR,10,10.3,0,"1,251",-,-,0
Dual Doom Deathmatch,ETR,10,10.3,0,"1,292",-,-,0
99 Glooms,FTR,10,10.3,0,"1,294",-,-,0
Breach of Faith,FTR,10,10.3,0,"1,373",-,-,0
Ether Strike,FTR,10,10.3,0,"1,170",-,-,0
"Hiiro Gekka, Kyoushou no Zetsu (nayuta 2017 ver.)",FTR,10,10.3,0,"1,126",-,-,0
Ikazuchi,FTR,10,10.3,0,"1,347",-,-,0
IZANA,FTR,10,10.3,0,976,-,-,0
Metallic Punisher,FTR,10,10.3,0,"1,238",-,-,0
SUPER AMBULANCE,FTR,10,10.3,0,"1,371",-,-,0
Tiferet,FTR,10,10.3,0,"1,086",-,-,0
To: Alice Liddell,FTR,10,10.3,0,998,-,-,0
ultradiaxon-N3,FTR,10,10.3,0,"1,228",-,-,0
Viyella's Tears,FTR,10,10.3,0,"1,403",-,-,0
lastendconductor,BYD,10,10.2,0,"1,339",-,-,0
Quon (DJ Noriken),BYD,10,10.2,0,"1,044",-,-,0
Red and Blue and Green,BYD,10,10.2,0,"1,194",-,-,0
Renegade,BYD,10,10.2,0,"1,165",-,-,0
Your Best Nightmare,BYD,10,10.2,0,"1,451",-,-,0
Capella,FTR,10,10.2,0,"1,159",-,-,0
conflict,FTR,10,10.2,0,"1,056",-,-,0
Logos,FTR,10,10.2,0,"1,040",-,-,0
Löschen,FTR,10,10.2,0,"1,235",-,-,0
Magnolia,FTR,10,10.2,0,895,-,-,0
Malicious Mischance,FTR,10,10.2,0,"1,126",-,-,0
NEO WINGS,FTR,10,10.2,0,"1,328",-,-,0
Nirv lucE,FTR,10,10.2,0,980,-,-,0
Redolent Shape,FTR,10,10.2,0,"1,088",-,-,0
Valhalla:0,FTR,10,10.2,0,"1,173",-,-,0
αterlβus,FTR,10,10.2,0,"1,030",-,-,0
BlazinG AIR,ETR,10,10.1,0,"1,129",-,-,0
Don't Die,ETR,10,10.1,0,"1,004",-,-,0
Gensou no Satellite,ETR,10,10.1,0,"1,139",-,-,0
OBLIVION,ETR,10,10.1,0,871,-,-,0
G e n g a o z o,FTR,10,10.1,0,"1,353",-,-,0
Kanbu de Tomatte Sugu Tokeru,FTR,10,10.1,0,"1,108",-,-,0
Medusa,FTR,10,10.1,0,931,-,-,0
PRAGMATISM,FTR,10,10.1,0,942,-,-,0
Trrricksters!!,FTR,10,10.1,0,"1,183",-,-,0
We're All Gonna Die,FTR,10,10.1,0,"1,147",-,-,0
Altale,BYD,10,10,0,"1,074",-,-,0
Bookmaker (2D Version),BYD,10,10,0,"1,287",-,-,0
La'qryma of the Wasteland,BYD,10,10,0,"1,161",-,-,0
Third Sun,ETR,10,10,0,"1,043",-,-,0
Alexandrite,FTR,10,10,"9,611,371","1,040",-,0.3712366667,10.37123667
Bamboo,FTR,10,10,0,"1,050",-,-,0
Chromafill,FTR,10,10,0,"1,130",-,-,0
Free Myself,FTR,10,10,0,"1,132",-,-,0
HIVEMIND,FTR,10,10,0,"1,252",-,-,0
Liar,FTR,10,10,0,919,-,-,0
Masquerade Legion,FTR,10,10,0,"1,064",-,-,0
Oshama Scramble!,FTR,10,10,0,"1,073",-,-,0
Scarlet Lance,FTR,10,10,0,"1,130",-,-,0
Sheriruth,FTR,10,10,0,"1,151",-,-,0
TRPNO,FTR,10,10,0,897,-,-,0
Vicious Heroism,FTR,10,10,0,"1,150",-,-,0
World Ender,FTR,10,10,0,"1,225",-,-,0
Xanatos,FTR,10,10,0,"1,232",-,-,0
Anökumene,BYD,9+,9.9,0,971,-,-,0
Dement ~after legend~,BYD,9+,9.9,0,"1,040",-,-,0
Ignotus Afterburn,BYD,9+,9.9,0,"1,077",-,-,0
Hypnotize,ETR,9+,9.9,0,"1,164",-,-,0
Shinchoku Doudesuka?,ETR,9+,9.9,0,"1,162",-,-,0
STARGATE EXTREME,ETR,9+,9.9,0,915,-,-,0
Tic! Tac! Toe!,ETR,9+,9.9,0,907,-,-,0
7thSense,FTR,9+,9.9,0,925,-,-,0
Amekagura,FTR,9+,9.9,0,"1,076",-,-,0
Antagonism,FTR,9+,9.9,0,"1,142",-,-,0
Arcahv,FTR,9+,9.9,0,"1,065",-,-,0
Ashen 6oundary,FTR,9+,9.9,0,"1,183",-,-,0
Astra walkthrough,FTR,9+,9.9,0,"1,191",-,-,0
Beautiful Dreamer,FTR,9+,9.9,0,"1,139",-,-,0
Désive,FTR,9+,9.9,0,"1,273",-,-,0
Devillic Sphere,FTR,9+,9.9,0,"1,129",-,-,0
Distortion Human,FTR,9+,9.9,0,"1,317",-,-,0
Galaxy Friends,FTR,9+,9.9,0,"1,013",-,-,0
Heavensdoor,FTR,9+,9.9,0,"1,101",-,-,0
"Infinite Strife,",FTR,9+,9.9,0,"1,511",-,-,0
INTERNET YAMERO,FTR,10,9.9,0,"1,222",-,-,0
Lilly,FTR,9+,9.9,0,"1,312",-,-,0
MAXRAGE,FTR,9+,9.9,0,"1,184",-,-,0
Mirzam,FTR,9+,9.9,0,"1,303",-,-,0
Modelista,FTR,9+,9.9,0,"1,010",-,-,0
New York Back Raise,FTR,9+,9.9,0,"1,091",-,-,0
Nhelv,FTR,9+,9.9,0,"1,108",-,-,0
Summer Fireworks of Love,FTR,9+,9.9,0,"1,088",-,-,0
Swan Song,FTR,9+,9.9,0,"1,225",-,-,0
Syriana,FTR,9+,9.9,0,886,-,-,0
The Survivor (Game Edit),FTR,9+,9.9,0,"1,100",-,-,0
Trap Crow,FTR,9+,9.9,0,"1,074",-,-,0
trappola bewitching,FTR,9+,9.9,"9,651,197","1,086",-,0.50399,10.40399
Ultimate taste,FTR,9+,9.9,0,"1,405",-,-,0
ViRTUS,FTR,9+,9.9,0,"1,222",-,-,0
Cybernecia Catharsis,BYD,9+,9.8,0,991,-,-,0
FREEF4LL,BYD,9+,9.8,0,"1,336",-,-,0
GOODTEK (Arcaea Edit),BYD,9+,9.8,0,"1,103",-,-,0
Kanagawa Cyber Culvert,BYD,9+,9.8,0,"1,121",-,-,0
Lost Civilization,BYD,9+,9.8,0,"1,061",-,-,0
qualia -ideaesthesia-,BYD,9+,9.8,0,"1,288",-,-,0
Crimson Quartz,ETR,9+,9.8,0,"1,200",-,-,0
LiftOff,ETR,9+,9.8,0,988,-,-,0
Miles,ETR,9+,9.8,0,829,-,-,0
MORNINGLOOM,ETR,9+,9.8,0,"1,035",-,-,0
U.A.D,ETR,9+,9.8,0,836,-,-,0
Waltz for Lorelei,ETR,9+,9.8,0,999,-,-,0
10pt8ion,FTR,9+,9.8,0,906,-,-,0
Ai Drew,FTR,9+,9.8,0,"1,066",-,-,0
Altale,FTR,9+,9.8,0,690,-,-,0
Ascent,FTR,9+,9.8,"9,947,168","1,023",-,1.73584,11.53584
Black Territory,FTR,9+,9.8,0,"1,195",-,-,0
Callima Karma,FTR,9+,9.8,0,"1,222",-,-,0
Corruption,FTR,9+,9.8,0,"1,293",-,-,0
Defection,FTR,9+,9.8,0,"1,141",-,-,0
Einherjar Joker,FTR,9+,9.8,"9,435,679","1,159",-,-0.2144033333,9.585596667
Far Away Light,FTR,9+,9.8,0,"1,322",-,-,0
FLUFFY FLASH,FTR,9+,9.8,0,"1,329",-,-,0
Genesis (Morrigan feat. Lily),FTR,9+,9.8,0,867,-,-,0
Got hive of Ra,FTR,9+,9.8,0,794,-,-,0
Haze of Autumn,FTR,9+,9.8,0,"1,077",-,-,0
Heavenly caress,FTR,9+,9.8,0,"1,560",-,-,0
Hybris (The one who shattered),FTR,9+,9.8,0,"1,196",-,-,0
HYPER VISION,FTR,9+,9.8,0,"1,040",-,-,0
Ignition,FTR,9+,9.8,0,994,-,-,0
init(),FTR,9+,9.8,0,"1,204",-,-,0
Kanjou no Matenrou ~Arr.Demetori,FTR,9+,9.8,0,"1,294",-,-,0
Linear Accelerator,FTR,9+,9.8,0,905,-,-,0
LIVHT MY WΔY,FTR,9+,9.8,0,954,-,-,0
Lost Desire,FTR,9+,9.8,0,"1,154",-,-,0
Macrocosmic Modulation,FTR,9+,9.8,"9,920,416","1,117",-,1.60208,11.40208
Mazy Metroplex,FTR,9+,9.8,0,952,-,-,0
MEGALOVANIA (Camellia Remix),FTR,9+,9.8,0,"1,345",-,-,0
Memory Forest,FTR,9+,9.8,0,978,-,-,0
Nameless Passion,FTR,9+,9.8,0,"1,223",-,-,0
Nightmare,FTR,9+,9.8,0,901,-,-,0
Old School Salvage,FTR,9+,9.8,0,"1,316",-,-,0
Ouvertüre,FTR,9+,9.8,0,913,-,-,0
Protoflicker,FTR,9+,9.8,0,"1,042",-,-,0
RGB,FTR,9+,9.8,0,"1,131",-,-,0
Scarlet Cage,FTR,9+,9.8,"9,419,263","1,195",-,-0.2691233333,9.530876667
Scarlet Lunar Empress,FTR,9+,9.8,0,"1,037",-,-,0
shrink,FTR,9+,9.8,0,939,-,-,0
SOUNDWiTCH,FTR,9+,9.8,"9,599,323",785,-,0.3310766667,10.13107667
Technicolour,FTR,9+,9.8,0,"1,140",-,-,0
THE ULTIMACY,FTR,9+,9.8,0,"1,304",-,-,0
To the Furthest Dream,FTR,9+,9.8,0,"1,102",-,-,0
Won't Back Down,FTR,9+,9.8,0,"1,015",-,-,0
World Fragments III (radio edit),FTR,9+,9.8,0,"1,387",-,-,0
Xeraphinite,FTR,9+,9.8,0,"1,048",-,-,0
yomibito_shirazu,FTR,9+,9.8,0,"1,075",-,-,0
Last | Eternity,BYD,9+,9.7,0,790,-,-,0
Moonheart,BYD,9+,9.7,0,"1,139",-,-,0
Oblivia,BYD,9+,9.7,0,"1,021",-,-,0
Snow White,BYD,9+,9.7,0,"1,031",-,-,0
Teriqma,BYD,9+,9.7,0,954,-,-,0
Black Mirror on the Wall,ETR,9+,9.7,0,894,-,-,0
Innocence,ETR,9+,9.7,0,"1,157",-,-,0
IONOSTREAM,ETR,9+,9.7,0,871,-,-,0
Last Goodbye,ETR,9+,9.7,0,911,-,-,0
AlterAle,FTR,9+,9.7,0,"1,277",-,-,0
amygdata,FTR,9+,9.7,0,"1,199",-,-,0
Awaken In Ruins,FTR,9+,9.7,0,754,-,-,0
B.B.K.K.B.K.K.,FTR,9+,9.7,0,976,-,-,0
BADTEK,FTR,9+,9.7,0,916,-,-,0
BATTLE NO.1,FTR,9+,9.7,0,"1,042",-,-,0
Black Lotus,FTR,9+,9.7,0,965,-,-,0
BLRINK,FTR,9+,9.7,0,"1,015",-,-,0
Dazzle hop,FTR,9+,9.7,0,"1,022",-,-,0
Dreadnought,FTR,9+,9.7,0,"1,099",-,-,0
DX Choseinou Full Metal Shojo,FTR,9+,9.7,0,808,-,-,0
Fallensquare,FTR,9+,9.7,0,703,-,-,0
Filament,FTR,9+,9.7,0,991,-,-,0
goldenslaughterer,FTR,9+,9.7,0,"1,326",-,-,0
Hailstone,FTR,9+,9.7,0,"1,002",-,-,0
Heart Jackin',FTR,9+,9.7,0,"1,112",-,-,0
Hotarubi no Yuki,FTR,9+,9.7,0,991,-,-,0
Let's Rock (Arcaea mix),FTR,9+,9.7,0,"1,177",-,-,0
Lethaeus,FTR,9+,9.7,"9,923,017",900,-,1.615085,11.315085
Lost in the Abyss,FTR,9+,9.7,0,"1,179",-,-,0
Loveless Dress,FTR,9+,9.7,0,850,-,-,0
Luna Rossa,FTR,9+,9.7,0,920,-,-,0
Monochrome Princess,FTR,9+,9.7,"9,928,972",974,-,1.64486,11.34486
nέo κósmo,FTR,9+,9.7,0,979,-,-,0
Rays of Remnant,FTR,9+,9.7,0,982,-,-,0
SACRIFICE feat. ayame,FTR,9+,9.7,0,958,-,-,0
Sulfur,FTR,9+,9.7,0,"1,045",-,-,0
SUPERNOVA,FTR,9+,9.7,0,"1,123",-,-,0
The Message,FTR,9+,9.7,"9,854,669",992,-,1.273345,10.973345
Vandalism,FTR,9+,9.7,0,"1,087",-,-,0
µ,FTR,9+,9.7,0,"1,256",-,-,0
τ (tau),FTR,9+,9.7,0,"1,057",-,-,0
Antithese,BYD,9,9.6,0,968,-,-,0
Infinity Heaven,BYD,9,9.6,0,986,-,-,0
Last | Moment,BYD,9,9.6,0,888,-,-,0
next to you,BYD,9,9.6,0,954,-,-,0
Purgatorium,BYD,9,9.6,0,"1,051",-,-,0
epitaxy,ETR,9,9.6,0,"1,410",-,-,0
See the Lights!,ETR,9,9.6,0,844,-,-,0
A Wandering Melody of Love,FTR,9,9.6,0,931,-,-,0
Alone & Lorn,FTR,9,9.6,0,970,-,-,0
Astral tale,FTR,9,9.6,0,884,-,-,0
Avant Raze,FTR,9,9.6,0,"1,125",-,-,0
carmine:scythe,FTR,9,9.6,0,"1,164",-,-,0
Distorted Fate,FTR,9,9.6,0,"1,172",-,-,0
ENERGY SYNERGY MATRIX,FTR,9,9.6,0,922,-,-,0
Heart,FTR,9,9.6,0,872,-,-,0
IMPACT,FTR,9,9.6,0,"1,231",-,-,0
Lazy Addiction,FTR,9,9.6,0,"1,031",-,-,0
LunarOrbit -believe in the Espebranch road-,FTR,9,9.6,0,"1,058",-,-,0
Purple Verse,FTR,9,9.6,0,"1,023",-,-,0
Quon (Feryquitous),FTR,9,9.6,0,991,-,-,0
Remind the Souls (Short Version),FTR,9,9.6,0,945,-,-,0
Renegade,FTR,9,9.6,0,994,-,-,0
Stratoliner,FTR,9,9.6,0,877,-,-,0
Vindication,FTR,9,9.6,0,"1,075",-,-,0
Arghena,PRS,9,9.6,0,"1,082",-,-,0
Designant.,PRS,9,9.6,0,"1,426",-,-,0
Fairytale,BYD,9,9.5,0,932,-,-,0
Lumia,BYD,9,9.5,0,814,-,-,0
Jingle,ETR,9,9.5,0,"1,047",-,-,0
SATISFACTION,ETR,9,9.5,0,"1,047",-,-,0
〇、,FTR,9,9.5,0,708,-,-,0
8-EM,FTR,9,9.5,0,"1,081",-,-,0
astral.exe,FTR,9,9.5,0,"1,059",-,-,0
Cybernecia Catharsis,FTR,9,9.5,"9,953,273",946,-,1.766365,11.266365
DataErr0r,FTR,9,9.5,0,955,-,-,0
Dies irae,FTR,9,9.5,0,"1,052",-,-,0
Dual Dependency,FTR,9,9.5,0,987,-,-,0
Dynitikós,FTR,9,9.5,0,986,-,-,0
End of The Moonlight,FTR,9,9.5,0,738,-,-,0
Evening in Scarlet,FTR,9,9.5,0,922,-,-,0
felys final remix,FTR,9,9.5,0,"1,130",-,-,0
GIMMICK,FTR,9,9.5,0,733,-,-,0
Illegal Paradise,FTR,9,9.5,"9,647,392","1,061",-,0.4913066667,9.991306667
In Vain,FTR,9,9.5,0,"1,111",-,-,0
Inverted World,FTR,9,9.5,0,940,-,-,0
MAHOROBA,FTR,9,9.5,0,828,-,-,0
MEGALOVANIA,FTR,9,9.5,0,"1,064",-,-,0
NULCTRL,FTR,9,9.5,0,715,-,-,0
OBLIVION,FTR,9,9.5,0,759,-,-,0
OMAKENO Stroke,FTR,9,9.5,0,869,-,-,0
On And On!! feat. Jenga,FTR,9,9.5,0,836,-,-,0
Rain of Conflict in a Radiant Abyss,FTR,9,9.5,0,"1,174",-,-,0
Someday,FTR,9,9.5,0,673,-,-,0
STAGER (ALL STAGE CLEAR),FTR,9,9.5,0,"1,004",-,-,0
Straight into the lights,FTR,9,9.5,0,"1,226",-,-,0
Transient Space,FTR,9,9.5,0,805,-,-,0
Twilight Concerto,FTR,9,9.5,0,803,-,-,0
ΟΔΥΣΣΕΙΑ,FTR,9,9.5,0,"1,092",-,-,0
dropdead,PRS,9,9.5,0,"1,323",-,-,0
Fracture Ray,PRS,9,9.5,"9,960,277","1,343",-,1.801385,11.301385
Tempestissimo,PRS,9,9.5,0,"1,034",-,-,0
inkar-usi,BYD,9,9.4,0,857,-,-,0
MERLIN,BYD,9,9.4,0,881,-,-,0
Death By Glamour,ETR,9,9.4,0,912,-,-,0
FURETE-MITAI,ETR,9,9.4,0,841,-,-,0
I want You,ETR,9,9.4,0,660,-,-,0
AI[UE]OON,FTR,9,9.4,0,989,-,-,0
Be There,FTR,9,9.4,0,982,-,-,0
BlythE,FTR,9,9.4,0,"1,000",-,-,0
CROSS†OVER,FTR,9,9.4,0,"1,094",-,-,0
CROSS†SOUL,FTR,9,9.4,0,"1,081",-,-,0
Crystal Gravity,FTR,9,9.4,0,872,-,-,0
Don't Die,FTR,9,9.4,0,793,-,-,0
Dreamin' Attraction!!,FTR,9,9.4,0,"1,129",-,-,0
DRG,FTR,9,9.4,0,872,-,-,0
Equilibrium,FTR,9,9.4,0,951,-,-,0
FANTA5Y,FTR,9,9.4,0,965,-,-,0
Final Step!,FTR,9,9.4,0,"1,056",-,-,0
Head BONK ache,FTR,9,9.4,0,"1,061",-,-,0
Impure Bird,FTR,9,9.4,0,805,-,-,0
Lapis,FTR,9,9.4,0,920,-,-,0
lastendconductor,FTR,9,9.4,0,"1,209",-,-,0
Let you DIVE! (nitro rmx),FTR,9,9.4,0,"1,049",-,-,0
MANTIS (Arcaea Ultra-Bloodrush VIP),FTR,9,9.4,0,"1,014",-,-,0
Party Vinyl,FTR,9,9.4,0,800,-,-,0
PICO-Pico-Translation!,FTR,9,9.4,0,"1,049",-,-,0
Raven's Pride,FTR,9,9.4,0,"1,030",-,-,0
Red and Blue,FTR,9,9.4,0,845,-,-,0
Redraw the Colorless World,FTR,9,9.4,0,886,-,-,0
Sakura Fubuki,FTR,9,9.4,"9,964,933",837,-,1.824665,11.224665
Specta,FTR,9,9.4,0,"1,096",-,-,0
Teriqma,FTR,9,9.4,0,873,-,-,0
Third Sun,FTR,9,9.4,0,811,-,-,0
VECTOЯ,FTR,9,9.4,"9,758,622","1,299",-,0.8620733333,10.26207333
with U,FTR,9,9.4,0,932,-,-,0
Yosakura Fubuki,FTR,9,9.4,0,931,-,-,0
Your voice so... feat. Such,FTR,9,9.4,0,"1,013",-,-,0
SAIKYO STRONGER,PRS,9,9.4,0,"1,067",-,-,0
Testify,PRS,9,9.4,0,"1,225",-,-,0
HELLOHELL,ETR,9,9.3,0,770,-,-,0
Auxesia,FTR,9,9.3,0,"1,000",-,-,0
Blaster,FTR,9,9.3,"9,936,034","1,002",-,1.68017,10.98017
Blocked Library,FTR,9,9.3,0,850,-,-,0
Can I Friend You on Bassbook? Lol,FTR,9,9.3,"9,751,038",861,-,0.8367933333,10.13679333
Don't Fight The Music,FTR,9,9.3,0,"1,043",-,-,0
False Embellishment,FTR,9,9.3,0,969,-,-,0
Feels So Right feat. Renko,FTR,9,9.3,0,947,-,-,0
Floating World,FTR,9,9.3,0,"1,047",-,-,0
Glow,FTR,9,9.3,0,916,-,-,0
GOODTEK (Arcaea Edit),FTR,9,9.3,"9,727,029",968,-,0.7567633333,10.05676333
Ignotus,FTR,9,9.3,"9,984,811","1,225",-,1.924055,11.224055
Lost Emotion feat. nomico,FTR,9,9.3,0,"1,123",-,-,0
Oracle,FTR,9,9.3,0,963,-,-,0
Small Cloud Sugar Candy,FTR,9,9.3,0,919,-,-,0
STARGATE EXTREME,FTR,9,9.3,0,724,-,-,0
Syro,FTR,9,9.3,0,"1,150",-,-,0
The Formula,FTR,9,9.3,0,957,-,-,0
Grievous Lady,PRS,9,9.3,"9,967,573","1,194",-,1.837865,11.137865
Ladymade Star,ETR,9,9.2,0,753,-,-,0
Alice à la mode,FTR,9,9.2,0,872,-,-,0
Anökumene,FTR,9,9.2,"9,971,399",851,-,1.856995,11.056995
cocoro*cosmetic,FTR,9,9.2,0,"1,025",-,-,0
Dancin' on a Cat's Paw,FTR,9,9.2,"9,630,340",891,-,0.4344666667,9.634466667
Leave All Behind,FTR,9,9.2,0,828,-,-,0
Libertas,FTR,9,9.2,"9,990,291",947,-,1.951455,11.151455
Lost Civilization,FTR,9,9.2,"9,483,497",986,-,-0.05501,9.14499
Phantasia,FTR,9,9.2,0,952,-,-,0
Rugie,FTR,9,9.2,0,975,-,-,0
"Sign of ""10.5km""",FTR,9,9.2,0,735,-,-,0
Strongholds,FTR,9,9.2,0,922,-,-,0
Used to be,FTR,9,9.2,0,799,-,-,0
#1f1e33,PRS,9,9.2,0,"1,144",-,-,0
ALTER EGO,PRS,9,9.2,"9,939,220","1,213",-,1.6961,10.8961
Shades of Light in a Transcendent Realm,BYD,9,9.1,0,"1,042",-,-,0
Prayer,ETR,9,9.1,0,714,-,-,0
Alice's Suitcase,FTR,9,9.1,0,999,-,-,0
Blue Rose,FTR,9,9.1,0,955,-,-,0
Coastal Highway,FTR,9,9.1,0,732,-,-,0
dropdead,FTR,8+,9.1,0,823,-,-,0
Empire of Winter,FTR,9,9.1,0,920,-,-,0
Essence of Twilight,FTR,9,9.1,"9,926,292","1,204",-,1.63146,10.73146
Faint Light (Arcaea Edit),FTR,9,9.1,0,809,-,-,0
Iconoclast,FTR,9,9.1,0,795,-,-,0
Journey,FTR,9,9.1,0,997,-,-,0
La'qryma of the Wasteland,FTR,9,9.1,"9,953,770",956,-,1.76885,10.86885
Life is PIANO,FTR,9,9.1,0,674,-,-,0
qualia -ideaesthesia-,FTR,9,9.1,0,"1,022",-,-,0
ReviXy,FTR,9,9.1,0,"1,047",-,-,0
Aegleseeker,PRS,9,9.1,0,"1,235",-,-,0
Vexaria,BYD,9,9,0,785,-,-,0
Flyburg and Endroll,FTR,9,9,0,930,-,-,0
Galactic Love,FTR,9,9,0,813,-,-,0
Jump,FTR,9,9,0,841,-,-,0
Kanagawa Cyber Culvert,FTR,9,9,0,"1,111",-,-,0
Last,FTR,9,9,0,831,-,-,0
Lawless Point,FTR,9,9,0,838,-,-,0
Primeval Texture,FTR,9,9,0,810,-,-,0
Turbocharger,FTR,9,9,0,979,-,-,0
Suomi,ETR,8+,8.9,0,732,-,-,0
BlazinG AIR,FTR,8+,8.9,0,757,-,-,0
Chelsea,FTR,8+,8.9,0,650,-,-,0
Chronostasis,FTR,8+,8.9,"9,946,183",916,-,1.730915,10.630915
Dual Doom Deathmatch,FTR,8+,8.9,0,"1,094",-,-,0
Evoltex (poppi'n mix),FTR,8+,8.9,0,775,-,-,0
Flashback,FTR,8+,8.9,0,856,-,-,0
Give Me a Nightmare,FTR,8+,8.9,0,948,-,-,0
Hypnotize,FTR,8+,8.9,"9,799,436",993,-,0.99812,9.89812
Lights of Muse,FTR,8+,8.9,0,580,-,-,0
Maze No.9,FTR,8+,8.9,0,775,-,-,0
memoryfactory.lzh,FTR,8+,8.9,0,672,-,-,0
MERLIN,FTR,8+,8.9,0,712,-,-,0
Your Best Nightmare,FTR,8+,8.9,0,"1,086",-,-,0
Abstruse Dilemma,PRS,8+,8.9,0,"1,127",-,-,0
Aether Crest: Astral,PRS,8+,8.9,0,"1,147",-,-,0
Chronicle,PRS,8+,8.9,0,"1,077",-,-,0
GENOCIDER,PRS,8+,8.9,0,"1,025",-,-,0
͟͝͞Ⅱ́̕,PRS,8+,8.9,0,816,-,-,0
Lucid Traveler,PRS,8+,8.9,0,"1,006",-,-,0
REKKA RESONANCE,PRS,8+,8.9,"9,967,662","1,051",-,1.83831,10.73831
TeraVolt,PRS,8+,8.9,0,804,-,-,0
To the Milky Way,PRS,8+,8.9,0,"1,154",-,-,0
Clotho and the stargazer,ETR,8+,8.8,0,"1,031",-,-,0
Hidden Rainbows of Epicurus,ETR,8+,8.8,0,884,-,-,0
Antithese,FTR,8+,8.8,0,877,-,-,0
BREaK! BREaK! BREaK!,FTR,8+,8.8,0,894,-,-,0
Cosmica,FTR,8+,8.8,"9,968,367",773,-,1.841835,10.641835
Cosmo Pop Funclub,FTR,8+,8.8,0,809,-,-,0
Crimson Quartz,FTR,8+,8.8,"9,965,938",861,-,1.82969,10.62969
CYCLES,FTR,8+,8.8,0,695,-,-,0
Dialnote,FTR,8+,8.8,"9,986,033",684,-,1.930165,10.730165
MORNINGLOOM,FTR,8+,8.8,0,940,-,-,0
next to you,FTR,8+,8.8,0,824,-,-,0
Particle Arts,FTR,8+,8.8,0,925,-,-,0
Saint or Sinner,FTR,8+,8.8,0,906,-,-,0
Shinchoku Doudesuka?,FTR,8+,8.8,0,957,-,-,0
Solitary Dream,FTR,8+,8.8,"9,959,733",972,-,1.798665,10.598665
Surrender,FTR,8+,8.8,0,925,-,-,0
Tic! Tac! Toe!,FTR,8+,8.8,0,760,-,-,0
Vivid Theory,FTR,8+,8.8,0,885,-,-,0
Waltz for Lorelei,FTR,8+,8.8,0,916,-,-,0
Aleph-0,PRS,8+,8.8,0,579,-,-,0
Extradimensional Cosmic Phenomenon,PRS,8+,8.8,0,"1,193",-,-,0
Lament Rain,PRS,8+,8.8,0,"1,186",-,-,0
NULL APOPHENIA,PRS,8+,8.8,0,"1,098",-,-,0
PRIMITIVE LIGHTS,PRS,8+,8.8,0,"1,073",-,-,0
Heartache,ETR,8+,8.7,0,851,-,-,0
Beside You,FTR,8+,8.7,0,703,-,-,0
Call My Name feat. Yukacco,FTR,8+,8.7,0,921,-,-,0
cry of viyella,FTR,8+,8.7,"9,905,872",791,-,1.52936,10.22936
Gensou no Satellite,FTR,8+,8.7,0,992,-,-,0
Grimheart,FTR,8+,8.7,0,959,-,-,0
IONOSTREAM,FTR,8+,8.7,0,818,-,-,0
Paper Witch,FTR,8+,8.7,0,793,-,-,0
Quon (DJ Noriken),FTR,8+,8.7,0,749,-,-,0
Senkyou,FTR,8+,8.7,"9,990,522",964,-,1.95261,10.65261
"Tsuki ni Murakumo, Hana ni Kaze",FTR,8+,8.7,0,740,-,-,0
U.A.D,FTR,8+,8.7,0,643,-,-,0
WAIT FOR DAWN,FTR,8+,8.7,0,861,-,-,0
Arcana Eden,PRS,8+,8.7,0,"1,310",-,-,0
Back to Basics,PRS,8+,8.7,0,"1,115",-,-,0
Pentiment,PRS,8+,8.7,0,"1,055",-,-,0
April showers,FTR,8,8.6,0,697,-,-,0
Black Mirror on the Wall,FTR,8,8.6,0,735,-,-,0
enchanted love,FTR,8,8.6,0,759,-,-,0
epitaxy,FTR,8,8.6,0,"1,177",-,-,0
FREEF4LL,FTR,8,8.6,"9,966,706","1,023",-,1.83353,10.43353
Gekka (Short Version),FTR,8,8.6,0,817,-,-,0
See the Lights!,FTR,8,8.6,0,692,-,-,0
Silent Rush,FTR,8,8.6,0,941,-,-,0
BUCHiGiRE Berserker,PRS,8,8.6,0,"1,046",-,-,0
Ego Eimi,PRS,8,8.6,0,937,-,-,0
HIVEMIND,PRS,8,8.6,0,988,-,-,0
Judgement,PRS,8,8.6,"9,986,741","1,055",-,1.933705,10.533705
PRAGMATISM,PRS,8,8.6,"9,953,984",855,-,1.76992,10.36992
ViRTUS,PRS,8,8.6,0,"1,000",-,-,0
Sayonara Hatsukoi,ETR,8,8.5,"9,931,979",728,-,1.659895,10.159895
Altair (feat. *spiLa*),FTR,8,8.5,"9,964,610",830,-,1.82305,10.32305
Babaroque,FTR,8,8.5,"9,951,189",808,-,1.755945,10.255945
Dandelion,FTR,8,8.5,0,921,-,-,0
DDD,FTR,8,8.5,0,653,-,-,0
Harutopia ~Utopia of Spring~,FTR,8,8.5,0,"1,061",-,-,0
Innocence,FTR,8,8.5,"9,986,287","1,023",-,1.931435,10.431435
Reinvent,FTR,8,8.5,"9,936,183",852,-,1.680915,10.180915
SATISFACTION,FTR,8,8.5,0,890,-,-,0
syūten,FTR,8,8.5,0,592,-,-,0
And Revive The Melody,PRS,8,8.5,0,"1,269",-,-,0
Aurgelmir,PRS,8,8.5,0,765,-,-,0
Axium Crisis,PRS,8,8.5,"9,991,605","1,065",-,1.958025,10.458025
LAMIA,PRS,8,8.5,0,885,-,-,0
Live Fast Die Young,PRS,8,8.5,0,837,-,-,0
Misdeed -la bonté de Dieu et l'origine du mal-,PRS,8,8.5,0,"1,070",-,-,0
Overwhelm,PRS,8,8.5,0,"1,038",-,-,0
To the Furthest Dream,PRS,8,8.5,0,994,-,-,0
ultradiaxon-N3,PRS,8,8.5,0,896,-,-,0
Vulcānus,PRS,8,8.5,0,"1,234",-,-,0
Eccentric Tale,FTR,8,8.4,0,732,-,-,0
FURETE-MITAI,FTR,8,8.4,0,763,-,-,0
INTERNET OVERDOSE,FTR,8,8.4,0,657,-,-,0
Ladymade Star,FTR,8,8.4,0,646,-,-,0
Lumia,FTR,8,8.4,"9,990,477",961,-,1.952385,10.352385
Moonheart,FTR,8,8.4,"9,979,755",947,-,1.898775,10.298775
Purgatorium,FTR,8,8.4,"9,944,943",983,-,1.724715,10.124715
Rabbit In The Black Room,FTR,8,8.4,0,772,-,-,0
REconstruction,FTR,8,8.4,0,825,-,-,0
Snow White,FTR,8,8.4,0,978,-,-,0
Breach of Faith,PRS,8,8.4,0,"1,171",-,-,0
Cyaegha,PRS,8,8.4,0,984,-,-,0
DA'AT -The First Seeker of Souls-,PRS,8,8.4,0,"1,091",-,-,0
Lilly,PRS,8,8.4,0,"1,052",-,-,0
MEGALOVANIA (Camellia Remix),PRS,8,8.4,0,"1,161",-,-,0
Ringed Genesis,PRS,8,8.4,0,860,-,-,0
Dematerialized,ETR,8,8.3,0,790,-,-,0
Ävril -Flicka i krans-,FTR,8,8.3,0,851,-,-,0
Bookmaker (2D Version),FTR,8,8.3,"9,983,266","1,124",-,1.91633,10.21633
Dot to Dot feat. Shully,FTR,8,8.3,0,739,-,-,0
I want You,FTR,8,8.3,0,528,-,-,0
Oblivia,FTR,8,8.3,"9,995,686",956,-,1.97843,10.27843
san skia,FTR,8,8.3,0,"1,046",-,-,0
Shades of Light in a Transcendent Realm,FTR,8,8.3,"9,940,085","1,067",-,1.700425,10.000425
Tie me down gently,FTR,8,8.3,0,724,-,-,0
AttraqtiA,PRS,8,8.3,0,"1,002",-,-,0
Ether Strike,PRS,8,8.3,"9,970,912",837,-,1.85456,10.15456
IZANA,PRS,8,8.3,0,836,-,-,0
MIRINAE,PRS,8,8.3,0,881,-,-,0
Placebo♥Battler,PRS,8,8.3,0,827,-,-,0
1F√,FTR,8,8.2,0,758,-,-,0
blue comet,FTR,8,8.2,0,776,-,-,0
Genesis (Iris),FTR,8,8.2,"10,000,680",713,-33,2,10.2
Hall of Mirrors,FTR,8,8.2,0,898,-,-,0
Last Goodbye,FTR,8,8.2,0,727,-,-,0
LiftOff,FTR,8,8.2,0,660,-,-,0
Lucifer,FTR,8,8.2,"9,954,307",861,-,1.771535,9.971535
Miles,FTR,8,8.2,0,687,-,-,0
One Last Drive,FTR,8,8.2,0,885,-,-,0
Prayer,FTR,8,8.2,0,591,-,-,0
Dantalion,PRS,8,8.2,0,843,-,-,0
eden,PRS,8,8.2,0,"1,194",-,-,0
Halcyon,PRS,8,8.2,0,943,-,-,0
Qovat,PRS,8,8.2,0,765,-,-,0
TEmPTaTiON,PRS,8,8.2,0,768,-,-,0
Bullet Waiting for Me (James Landino remix),FTR,8,8.1,0,701,-,-,0
Diode,FTR,8,8.1,0,709,-,-,0
Hikari,FTR,8,8.1,0,684,-,-,0
I've heard it said,FTR,8,8.1,0,864,-,-,0
Astral Quantization,PRS,8,8.1,0,943,-,-,0
G e n g a o z o,PRS,8,8.1,0,870,-,-,0
Rise of the World,PRS,8,8.1,0,843,-,-,0
UNKNOWN LEVELS,PRS,8,8.1,0,771,-,-,0
Prism,FTR,8,8,0,785,-,-,0
Relentless,FTR,8,8,0,"1,015",-,-,0
world.execute(me);,FTR,8,8,0,851,-,-,0
Black MInD,PRS,8,8,0,754,-,-,0
Crimson Throne,PRS,8,8,0,"1,079",-,-,0
Désive,PRS,8,8,0,"1,051",-,-,0
Dull Blade,PRS,8,8,0,780,-,-,0
We're All Gonna Die,PRS,8,8,0,864,-,-,0
yomibito_shirazu,PRS,8,8,0,764,-,-,0
γuarδina,PRS,8,8,0,678,-,-,0
Brand new world,FTR,7+,7.8,0,787,-,-,0
Clotho and the stargazer,FTR,7+,7.8,0,"1,021",-,-,0
Death By Glamour,FTR,7+,7.8,0,610,-,-,0
Dement ~after legend~,FTR,7+,7.8,0,970,-,-,0
Dream goes on,FTR,7+,7.8,0,719,-,-,0
First Snow,FTR,7+,7.8,0,578,-,-,0
Infinity Heaven,FTR,7+,7.8,0,853,-,-,0
inkar-usi,FTR,7+,7.8,0,463,-,-,0
Jingle,FTR,7+,7.8,0,848,-,-,0
Moonlight of Sand Castle,FTR,7+,7.8,0,645,-,-,0
Paradise,FTR,7+,7.8,0,729,-,-,0
Rise,FTR,7+,7.8,0,788,-,-,0
Romance Wars,FTR,7+,7.8,0,641,-,-,0
Suomi,FTR,7+,7.8,0,818,-,-,0
[X],PRS,7+,7.8,0,782,-,-,0
10pt8ion,PRS,7+,7.8,0,704,-,-,0
7thSense,PRS,7+,7.8,0,739,-,-,0
8-EM,PRS,7+,7.8,0,847,-,-,0
99 Glooms,PRS,7+,7.8,0,774,-,-,0
AMAZING MIGHTYYYY!!!!,PRS,7+,7.8,0,776,-,-,0
Antagonism,PRS,7+,7.8,0,738,-,-,0
Arcahv,PRS,7+,7.8,0,884,-,-,0
Ashen 6oundary,PRS,7+,7.8,0,813,-,-,0
Astra walkthrough,PRS,7+,7.8,0,886,-,-,0
Beautiful Dreamer,PRS,7+,7.8,0,773,-,-,0
BLRINK,PRS,7+,7.8,0,683,-,-,0
Capella,PRS,7+,7.8,0,904,-,-,0
carmine:scythe,PRS,7+,7.8,0,710,-,-,0
Climax,PRS,7+,7.8,0,988,-,-,0
corps-sans-organes,PRS,7+,7.8,0,615,-,-,0
cyanine,PRS,7+,7.8,0,947,-,-,0
Devillic Sphere,PRS,7+,7.8,0,692,-,-,0
Distorted Fate,PRS,7+,7.8,0,890,-,-,0
Divine Light of Myriad,PRS,7+,7.8,0,835,-,-,0
Don't Fight The Music,PRS,7+,7.8,0,962,-,-,0
Dual Dependency,PRS,7+,7.8,0,784,-,-,0
Far Away Light,PRS,7+,7.8,0,769,-,-,0
Filament,PRS,7+,7.8,0,780,-,-,0
Hybris (The one who shattered),PRS,7+,7.8,0,973,-,-,0
IMPACT,PRS,7+,7.8,0,913,-,-,0
INTERNET YAMERO,PRS,7+,7.8,0,987,-,-,0
Kissing Lucifer,PRS,7+,7.8,0,770,-,-,0
KYOREN ROMANCE,PRS,7+,7.8,0,982,-,-,0
Lethal Voltage,PRS,7+,7.8,0,922,-,-,0
Liar,PRS,7+,7.8,0,614,-,-,0
Lightning Screw,PRS,7+,7.8,0,811,-,-,0
Logos,PRS,7+,7.8,0,798,-,-,0
Lost Desire,PRS,7+,7.8,0,871,-,-,0
Macrocosmic Modulation,PRS,7+,7.8,0,789,-,-,0
Magnolia,PRS,7+,7.8,0,726,-,-,0
Malicious Mischance,PRS,7+,7.8,0,706,-,-,0
Manic Jeer,PRS,7+,7.8,0,875,-,-,0
Mazy Metroplex,PRS,7+,7.8,0,704,-,-,0
Meta-Mysteria,PRS,7+,7.8,0,905,-,-,0
Monochrome Princess,PRS,7+,7.8,0,756,-,-,0
MVURBD,PRS,7+,7.8,0,"1,031",-,-,0
Nightmare,PRS,7+,7.8,0,757,-,-,0
nέo κósmo,PRS,7+,7.8,0,791,-,-,0
Old School Salvage,PRS,7+,7.8,0,950,-,-,0
Party Vinyl,PRS,7+,7.8,0,543,-,-,0
PUPA,PRS,7+,7.8,0,684,-,-,0
Rain of Conflict in a Radiant Abyss,PRS,7+,7.8,0,934,-,-,0
Red and Blue,PRS,7+,7.8,0,597,-,-,0
Renegade,PRS,7+,7.8,0,751,-,-,0
RGB,PRS,7+,7.8,0,803,-,-,0
Sheriruth (Laur Remix),PRS,7+,7.8,0,795,-,-,0
Singularity,PRS,7+,7.8,0,678,-,-,0
Spider's Thread,PRS,7+,7.8,0,764,-,-,0
Spirit of the Dauntless,PRS,7+,7.8,0,957,-,-,0
Tiferet,PRS,7+,7.8,0,720,-,-,0
Trap Crow,PRS,7+,7.8,0,898,-,-,0
TRPNO,PRS,7+,7.8,0,562,-,-,0
Twilight Concerto,PRS,7+,7.8,0,634,-,-,0
Viyella's Tears,PRS,7+,7.8,0,942,-,-,0
WAIT FOR DAWN,PRS,7+,7.8,0,636,-,-,0
World Ender,PRS,7+,7.8,0,850,-,-,0
XTREME,PRS,7+,7.8,0,831,-,-,0
ΟΔΥΣΣΕΙΑ,PRS,7+,7.8,0,909,-,-,0
τ (tau),PRS,7+,7.8,0,798,-,-,0
ω4,PRS,7+,7.8,0,943,-,-,0
Testify,PST,7+,7.8,0,"1,001",-,-,0
Dematerialized,FTR,7,7.5,0,722,-,-,0
Heartache,FTR,7,7.5,0,803,-,-,0
HELLOHELL,FTR,7,7.5,0,673,-,-,0
Hidden Rainbows of Epicurus,FTR,7,7.5,0,783,-,-,0
A Wandering Melody of Love,PRS,7,7.5,0,670,-,-,0
Alexandrite,PRS,7,7.5,0,699,-,-,0
Amekagura,PRS,7,7.5,0,851,-,-,0
amygdata,PRS,7,7.5,0,711,-,-,0
Awaken In Ruins,PRS,7,7.5,0,570,-,-,0
Be There,PRS,7,7.5,0,792,-,-,0
Black Territory,PRS,7,7.5,0,785,-,-,0
BlythE,PRS,7,7.5,0,729,-,-,0
Callima Karma,PRS,7,7.5,0,989,-,-,0
CHAOS,PRS,7,7.5,0,848,-,-,0
Chronostasis,PRS,7,7.5,0,812,-,-,0
conflict,PRS,7,7.5,0,731,-,-,0
Dies irae,PRS,7,7.5,0,802,-,-,0
Dynitikós,PRS,7,7.5,0,894,-,-,0
Fallensquare,PRS,7,7.5,0,486,-,-,0
Felis,PRS,7,7.5,0,624,-,-,0
Free Myself,PRS,7,7.5,0,785,-,-,0
GIMME DA BLOOD,PRS,7,7.5,0,737,-,-,0
Glow,PRS,7,7.5,0,666,-,-,0
"Good bye, Merry-Go-Round.",PRS,7,7.5,0,696,-,-,0
Heavenly caress,PRS,7,7.5,0,909,-,-,0
Heavensdoor,PRS,7,7.5,0,869,-,-,0
HYPER VISION,PRS,7,7.5,0,839,-,-,0
Ikazuchi,PRS,7,7.5,0,976,-,-,0
"Infinite Strife,",PRS,7,7.5,0,"1,081",-,-,0
init(),PRS,7,7.5,0,957,-,-,0
Kanbu de Tomatte Sugu Tokeru,PRS,7,7.5,0,714,-,-,0
lastendconductor,PRS,7,7.5,0,901,-,-,0
LIVHT MY WΔY,PRS,7,7.5,0,738,-,-,0
MEGALOVANIA,PRS,7,7.5,0,969,-,-,0
Mirzam,PRS,7,7.5,0,885,-,-,0
Modelista,PRS,7,7.5,0,691,-,-,0
NEO WINGS,PRS,7,7.5,0,840,-,-,0
NULCTRL,PRS,7,7.5,0,410,-,-,0
ouroboros -twin stroke of the end-,PRS,7,7.5,0,832,-,-,0
Ouvertüre,PRS,7,7.5,0,786,-,-,0
Primeval Texture,PRS,7,7.5,0,525,-,-,0
Purple Verse,PRS,7,7.5,0,664,-,-,0
Rays of Remnant,PRS,7,7.5,0,766,-,-,0
Redolent Shape,PRS,7,7.5,0,717,-,-,0
SACRIFICE feat. ayame,PRS,7,7.5,0,779,-,-,0
Scarlet Cage,PRS,7,7.5,0,711,-,-,0
Seclusion,PRS,7,7.5,0,762,-,-,0
Sheriruth,PRS,7,7.5,0,832,-,-,0
Shinchoku Doudesuka?,PRS,7,7.5,0,743,-,-,0
Straight into the lights,PRS,7,7.5,0,714,-,-,0
SUPER AMBULANCE,PRS,7,7.5,0,971,-,-,0
Swan Song,PRS,7,7.5,0,719,-,-,0
Syriana,PRS,7,7.5,0,516,-,-,0
Tic! Tac! Toe!,PRS,7,7.5,0,505,-,-,0
To: Alice Liddell,PRS,7,7.5,0,774,-,-,0
Trrricksters!!,PRS,7,7.5,0,784,-,-,0
Valhalla:0,PRS,7,7.5,0,893,-,-,0
Vicious Heroism,PRS,7,7.5,0,756,-,-,0
Wish Upon a Snow,PRS,7,7.5,0,"1,095",-,-,0
Xanatos,PRS,7,7.5,0,938,-,-,0
Xeraphinite,PRS,7,7.5,0,643,-,-,0
αterlβus,PRS,7,7.5,0,668,-,-,0
µ,PRS,7,7.5,0,986,-,-,0
Arghena,PST,7,7.5,0,883,-,-,0
Designant.,PST,7,7.5,0,"1,055",-,-,0
Blossoms,FTR,7,7,0,655,-,-,0
Fairytale,FTR,7,7,0,782,-,-,0
Sayonara Hatsukoi,FTR,7,7,0,666,-,-,0
Vexaria,FTR,7,7,0,734,-,-,0
Astral tale,PRS,7,7,0,642,-,-,0
B.B.K.K.B.K.K.,PRS,7,7,0,708,-,-,0
BADTEK,PRS,7,7,0,595,-,-,0
Blaster,PRS,7,7,0,635,-,-,0
Chromafill,PRS,7,7,0,890,-,-,0
cocoro*cosmetic,PRS,7,7,0,687,-,-,0
CROSS†SOUL,PRS,7,7,0,823,-,-,0
Cybernecia Catharsis,PRS,7,7,0,655,-,-,0
DataErr0r,PRS,7,7,0,785,-,-,0
Don't Die,PRS,7,7,0,565,-,-,0
Dreadnought,PRS,7,7,0,897,-,-,0
Dreamin' Attraction!!,PRS,7,7,0,785,-,-,0
DRG,PRS,7,7,0,624,-,-,0
Einherjar Joker,PRS,7,7,0,767,-,-,0
ENERGY SYNERGY MATRIX,PRS,7,7,0,608,-,-,0
Essence of Twilight,PRS,7,7,0,767,-,-,0
Evening in Scarlet,PRS,7,7,0,638,-,-,0
Evoltex (poppi'n mix),PRS,7,7,0,627,-,-,0
FANTA5Y,PRS,7,7,0,715,-,-,0
Floating World,PRS,7,7,0,793,-,-,0
FREEF4LL,PRS,7,7,0,782,-,-,0
Genesis (Morrigan feat. Lily),PRS,7,7,0,838,-,-,0
GLORY: ROAD,PRS,7,7,0,999,-,-,0
Hailstone,PRS,7,7,0,651,-,-,0
Haze of Autumn,PRS,7,7,0,733,-,-,0
Head BONK ache,PRS,7,7,0,725,-,-,0
Hotarubi no Yuki,PRS,7,7,0,733,-,-,0
Hypnotize,PRS,7,7,0,761,-,-,0
Iconoclast,PRS,7,7,0,593,-,-,0
Illegal Paradise,PRS,7,7,0,585,-,-,0
Inverted World,PRS,7,7,0,646,-,-,0
Last,PRS,7,7,0,781,-,-,0
Let's Rock (Arcaea mix),PRS,7,7,0,963,-,-,0
Löschen,PRS,7,7,0,850,-,-,0
Lost Civilization,PRS,7,7,0,690,-,-,0
Lost Emotion feat. nomico,PRS,7,7,0,780,-,-,0
MANTIS (Arcaea Ultra-Bloodrush VIP),PRS,7,7,0,760,-,-,0
Medusa,PRS,7,7,0,645,-,-,0
Metallic Punisher,PRS,7,7,0,846,-,-,0
Nameless Passion,PRS,7,7,0,890,-,-,0
New York Back Raise,PRS,7,7,0,803,-,-,0
next to you,PRS,7,7,0,583,-,-,0
Nirv lucE,PRS,7,7,0,547,-,-,0
OBLIVION,PRS,7,7,0,526,-,-,0
On And On!! feat. Jenga,PRS,7,7,0,616,-,-,0
Protoflicker,PRS,7,7,0,633,-,-,0
qualia -ideaesthesia-,PRS,7,7,0,875,-,-,0
Raven's Pride,PRS,7,7,0,797,-,-,0
Remind the Souls (Short Version),PRS,7,7,0,756,-,-,0
ReviXy,PRS,7,7,0,729,-,-,0
Scarlet Lance,PRS,7,7,0,644,-,-,0
Scarlet Lunar Empress,PRS,7,7,0,698,-,-,0
shrink,PRS,7,7,0,660,-,-,0
Solitary Dream,PRS,7,7,0,854,-,-,0
Stasis,PRS,7,7,0,935,-,-,0
Technicolour,PRS,7,7,0,812,-,-,0
THE ULTIMACY,PRS,7,7,0,919,-,-,0
Third Sun,PRS,7,7,0,702,-,-,0
Transient Space,PRS,7,7,0,607,-,-,0
Vandalism,PRS,7,7,0,685,-,-,0
VECTOЯ,PRS,7,7,0,"1,002",-,-,0
World Fragments III (radio edit),PRS,7,7,0,999,-,-,0
Yosakura Fubuki,PRS,7,7,0,582,-,-,0
Pentiment,PST,7,7,0,911,-,-,0
Tempestissimo,PST,7,7,0,919,-,-,0
〇、,PRS,6,6.5,0,519,-,-,0
1F√,PRS,6,6.5,0,539,-,-,0
Ai Drew,PRS,6,6.5,0,732,-,-,0
AI[UE]OON,PRS,6,6.5,0,623,-,-,0
Alice à la mode,PRS,6,6.5,0,618,-,-,0
Alone & Lorn,PRS,6,6.5,0,742,-,-,0
Anökumene,PRS,6,6.5,0,587,-,-,0
Auxesia,PRS,6,6.5,0,648,-,-,0
Avant Raze,PRS,6,6.5,0,727,-,-,0
Babaroque,PRS,6,6.5,0,645,-,-,0
Bamboo,PRS,6,6.5,0,631,-,-,0
BATTLE NO.1,PRS,6,6.5,0,677,-,-,0
Black Lotus,PRS,6,6.5,0,687,-,-,0
Black Mirror on the Wall,PRS,6,6.5,0,613,-,-,0
BlazinG AIR,PRS,6,6.5,0,571,-,-,0
Blocked Library,PRS,6,6.5,0,622,-,-,0
Bookmaker (2D Version),PRS,6,6.5,0,728,-,-,0
BREaK! BREaK! BREaK!,PRS,6,6.5,0,614,-,-,0
Can I Friend You on Bassbook? Lol,PRS,6,6.5,0,548,-,-,0
Corruption,PRS,6,6.5,0,847,-,-,0
CROSS†OVER,PRS,6,6.5,0,810,-,-,0
Crystal Gravity,PRS,6,6.5,0,653,-,-,0
Dazzle hop,PRS,6,6.5,0,571,-,-,0
DDD,PRS,6,6.5,0,484,-,-,0
Defection,PRS,6,6.5,0,800,-,-,0
Distortion Human,PRS,6,6.5,0,841,-,-,0
Dual Doom Deathmatch,PRS,6,6.5,0,830,-,-,0
Empire of Winter,PRS,6,6.5,0,662,-,-,0
Equilibrium,PRS,6,6.5,0,724,-,-,0
False Embellishment,PRS,6,6.5,0,684,-,-,0
Feels So Right feat. Renko,PRS,6,6.5,0,636,-,-,0
felys final remix,PRS,6,6.5,0,771,-,-,0
Final Step!,PRS,6,6.5,0,684,-,-,0
FLUFFY FLASH,PRS,6,6.5,0,946,-,-,0
Galactic Love,PRS,6,6.5,0,694,-,-,0
Garakuta Doll Play,PRS,6,6.5,0,572,-,-,0
Gekka (Short Version),PRS,6,6.5,0,628,-,-,0
Gensou no Satellite,PRS,6,6.5,0,783,-,-,0
GIMMICK,PRS,6,6.5,0,598,-,-,0
goldenslaughterer,PRS,6,6.5,0,880,-,-,0
GOODTEK (Arcaea Edit),PRS,6,6.5,0,632,-,-,0
Got hive of Ra,PRS,6,6.5,0,509,-,-,0
"Hiiro Gekka, Kyoushou no Zetsu (nayuta 2017 ver.)",PRS,6,6.5,0,709,-,-,0
Ignotus,PRS,6,6.5,0,809,-,-,0
In Vain,PRS,6,6.5,0,677,-,-,0
Innocence,PRS,6,6.5,0,811,-,-,0
INTERNET OVERDOSE,PRS,6,6.5,0,578,-,-,0
Kanjou no Matenrou ~Arr.Demetori,PRS,6,6.5,0,929,-,-,0
La'qryma of the Wasteland,PRS,6,6.5,0,651,-,-,0
Ladymade Star,PRS,6,6.5,0,491,-,-,0
Last Celebration,PRS,6,6.5,0,994,-,-,0
Last Goodbye,PRS,6,6.5,0,605,-,-,0
Let you DIVE! (nitro rmx),PRS,6,6.5,0,819,-,-,0
Lethaeus,PRS,6,6.5,0,717,-,-,0
LiftOff,PRS,6,6.5,0,500,-,-,0
Lost in the Abyss,PRS,6,6.5,0,908,-,-,0
Loveless Dress,PRS,6,6.5,0,630,-,-,0
MAHOROBA,PRS,6,6.5,0,632,-,-,0
Masquerade Legion,PRS,6,6.5,0,698,-,-,0
MAXRAGE,PRS,6,6.5,0,760,-,-,0
Miles,PRS,6,6.5,0,548,-,-,0
MORNINGLOOM,PRS,6,6.5,0,829,-,-,0
Nhelv,PRS,6,6.5,0,913,-,-,0
OMAKENO Stroke,PRS,6,6.5,0,616,-,-,0
Oshama Scramble!,PRS,6,6.5,0,568,-,-,0
Quon (Feryquitous),PRS,6,6.5,0,718,-,-,0
Redraw the Colorless World,PRS,6,6.5,0,680,-,-,0
Reinvent,PRS,6,6.5,0,703,-,-,0
Relentless,PRS,6,6.5,0,722,-,-,0
Sakura Fubuki,PRS,6,6.5,0,571,-,-,0
SATISFACTION,PRS,6,6.5,0,738,-,-,0
See the Lights!,PRS,6,6.5,0,582,-,-,0
"Sign of ""10.5km""",PRS,6,6.5,0,564,-,-,0
Small Cloud Sugar Candy,PRS,6,6.5,0,727,-,-,0
Someday,PRS,6,6.5,0,477,-,-,0
SOUNDWiTCH,PRS,6,6.5,0,488,-,-,0
Specta,PRS,6,6.5,0,706,-,-,0
STAGER (ALL STAGE CLEAR),PRS,6,6.5,0,559,-,-,0
Stratoliner,PRS,6,6.5,0,702,-,-,0
Summer Fireworks of Love,PRS,6,6.5,0,641,-,-,0
Surrender,PRS,6,6.5,0,721,-,-,0
Syro,PRS,6,6.5,0,829,-,-,0
Teriqma,PRS,6,6.5,0,579,-,-,0
The Message,PRS,6,6.5,0,630,-,-,0
The Survivor (Game Edit),PRS,6,6.5,0,750,-,-,0
U.A.D,PRS,6,6.5,0,526,-,-,0
Ultimate taste,PRS,6,6.5,0,"1,008",-,-,0
Used to be,PRS,6,6.5,0,675,-,-,0
Vindication,PRS,6,6.5,0,899,-,-,0
with U,PRS,6,6.5,0,649,-,-,0
Won't Back Down,PRS,6,6.5,0,551,-,-,0
Your Best Nightmare,PRS,6,6.5,0,925,-,-,0
Your voice so... feat. Such,PRS,6,6.5,0,677,-,-,0
ALTER EGO,PST,6,6.5,0,865,-,-,0
Extradimensional Cosmic Phenomenon,PST,6,6.5,0,"1,011",-,-,0
Grievous Lady,PST,6,6.5,0,956,-,-,0
Alice's Suitcase,PRS,6,6,0,660,-,-,0
Altair (feat. *spiLa*),PRS,6,6,0,828,-,-,0
AlterAle,PRS,6,6,0,881,-,-,0
Ascent,PRS,6,6,0,625,-,-,0
astral.exe,PRS,6,6,0,734,-,-,0
Ävril -Flicka i krans-,PRS,6,6,0,607,-,-,0
Beside You,PRS,6,6,0,634,-,-,0
Blue Rose,PRS,6,6,0,669,-,-,0
Call My Name feat. Yukacco,PRS,6,6,0,653,-,-,0
Chelsea,PRS,6,6,0,503,-,-,0
Coastal Highway,PRS,6,6,0,479,-,-,0
Cosmo Pop Funclub,PRS,6,6,0,591,-,-,0
Crimson Quartz,PRS,6,6,0,615,-,-,0
cry of viyella,PRS,6,6,0,492,-,-,0
Dancin' on a Cat's Paw,PRS,6,6,0,593,-,-,0
Dandelion,PRS,6,6,0,698,-,-,0
Dement ~after legend~,PRS,6,6,0,756,-,-,0
Dialnote,PRS,6,6,0,548,-,-,0
Dot to Dot feat. Shully,PRS,6,6,0,522,-,-,0
DX Choseinou Full Metal Shojo,PRS,6,6,0,556,-,-,0
epitaxy,PRS,6,6,0,939,-,-,0
Faint Light (Arcaea Edit),PRS,6,6,0,711,-,-,0
Flyburg and Endroll,PRS,6,6,0,650,-,-,0
FURETE-MITAI,PRS,6,6,0,523,-,-,0
Galaxy Friends,PRS,6,6,0,572,-,-,0
Hikari,PRS,6,6,0,450,-,-,0
I've heard it said,PRS,6,6,0,664,-,-,0
Ignition,PRS,6,6,0,621,-,-,0
IONOSTREAM,PRS,6,6,0,890,-,-,0
Journey,PRS,6,6,0,778,-,-,0
Jump,PRS,6,6,0,622,-,-,0
Lapis,PRS,6,6,0,520,-,-,0
Lawless Point,PRS,6,6,0,630,-,-,0
Lazy Addiction,PRS,6,6,0,647,-,-,0
Life is PIANO,PRS,6,6,0,437,-,-,0
Lights of Muse,PRS,6,6,0,438,-,-,0
Linear Accelerator,PRS,6,6,0,488,-,-,0
Luna Rossa,PRS,6,6,0,578,-,-,0
LunarOrbit -believe in the Espebranch road-,PRS,6,6,0,757,-,-,0
Memory Forest,PRS,6,6,0,726,-,-,0
Particle Arts,PRS,6,6,0,637,-,-,0
PICO-Pico-Translation!,PRS,6,6,0,723,-,-,0
Purgatorium,PRS,6,6,0,641,-,-,0
Quon (DJ Noriken),PRS,6,6,0,496,-,-,0
REconstruction,PRS,6,6,0,469,-,-,0
Rugie,PRS,6,6,0,754,-,-,0
Saint or Sinner,PRS,6,6,0,563,-,-,0
san skia,PRS,6,6,0,783,-,-,0
Shades of Light in a Transcendent Realm,PRS,6,6,0,789,-,-,0
STARGATE EXTREME,PRS,6,6,0,430,-,-,0
Sulfur,PRS,6,6,0,608,-,-,0
SUPERNOVA,PRS,6,6,0,564,-,-,0
The Formula,PRS,6,6,0,587,-,-,0
trappola bewitching,PRS,6,6,0,541,-,-,0
"Tsuki ni Murakumo, Hana ni Kaze",PRS,6,6,0,610,-,-,0
Turbocharger,PRS,6,6,0,659,-,-,0
Aether Crest: Astral,PST,6,6,0,921,-,-,0
Fracture Ray,PST,6,6,0,983,-,-,0
Altale,PRS,5,5.5,0,422,-,-,0
April showers,PRS,5,5.5,0,544,-,-,0
Diode,PRS,5,5.5,0,472,-,-,0
Eccentric Tale,PRS,5,5.5,0,483,-,-,0
End of The Moonlight,PRS,5,5.5,0,434,-,-,0
Genesis (Iris),PRS,5,5.5,0,399,-,-,0
Give Me a Nightmare,PRS,5,5.5,0,817,-,-,0
Hall of Mirrors,PRS,5,5.5,0,553,-,-,0
Heart Jackin',PRS,5,5.5,0,543,-,-,0
Hidden Rainbows of Epicurus,PRS,5,5.5,0,644,-,-,0
I want You,PRS,5,5.5,0,395,-,-,0
Impure Bird,PRS,5,5.5,0,518,-,-,0
Infinity Heaven,PRS,5,5.5,0,545,-,-,0
Jingle,PRS,5,5.5,0,741,-,-,0
Kanagawa Cyber Culvert,PRS,5,5.5,0,707,-,-,0
Leave All Behind,PRS,5,5.5,0,488,-,-,0
Libertas,PRS,5,5.5,0,514,-,-,0
Lucifer,PRS,5,5.5,0,506,-,-,0
Lumia,PRS,5,5.5,0,438,-,-,0
memoryfactory.lzh,PRS,5,5.5,0,448,-,-,0
MERLIN,PRS,5,5.5,0,428,-,-,0
Moonheart,PRS,5,5.5,0,566,-,-,0
One Last Drive,PRS,5,5.5,0,564,-,-,0
Oracle,PRS,5,5.5,0,508,-,-,0
Phantasia,PRS,5,5.5,0,579,-,-,0
Prayer,PRS,5,5.5,0,479,-,-,0
Senkyou,PRS,5,5.5,0,722,-,-,0
Waltz for Lorelei,PRS,5,5.5,0,814,-,-,0
World Vanquisher,PRS,5,5.5,0,759,-,-,0
#1f1e33,PST,5,5.5,0,765,-,-,0
Abstruse Dilemma,PST,5,5.5,0,983,-,-,0
Aegleseeker,PST,5,5.5,0,973,-,-,0
Aleph-0,PST,5,5.5,0,388,-,-,0
And Revive The Melody,PST,5,5.5,0,962,-,-,0
Arcana Eden,PST,5,5.5,0,"1,097",-,-,0
Axium Crisis,PST,5,5.5,0,685,-,-,0
Breach of Faith,PST,5,5.5,0,986,-,-,0
CHAOS,PST,5,5.5,0,646,-,-,0
Cyaegha,PST,5,5.5,0,760,-,-,0
DA'AT -The First Seeker of Souls-,PST,5,5.5,0,921,-,-,0
Ego Eimi,PST,5,5.5,0,801,-,-,0
Ether Strike,PST,5,5.5,0,659,-,-,0
Halcyon,PST,5,5.5,0,662,-,-,0
Judgement,PST,5,5.5,0,844,-,-,0
Lament Rain,PST,5,5.5,0,"1,025",-,-,0
MEGALOVANIA (Camellia Remix),PST,5,5.5,0,946,-,-,0
Misdeed -la bonté de Dieu et l'origine du mal-,PST,5,5.5,0,814,-,-,0
Placebo♥Battler,PST,5,5.5,0,597,-,-,0
PRIMITIVE LIGHTS,PST,5,5.5,0,785,-,-,0
Ringed Genesis,PST,5,5.5,0,672,-,-,0
SAIKYO STRONGER,PST,5,5.5,0,654,-,-,0
Sheriruth,PST,5,5.5,0,611,-,-,0
ViRTUS,PST,5,5.5,0,877,-,-,0
Vulcānus,PST,5,5.5,0,968,-,-,0
We're All Gonna Die,PST,5,5.5,0,733,-,-,0
Antithese,PRS,5,5,0,826,-,-,0
blue comet,PRS,5,5,0,645,-,-,0
Clotho and the stargazer,PRS,5,5,0,745,-,-,0
Cosmica,PRS,5,5,0,556,-,-,0
CYCLES,PRS,5,5,0,430,-,-,0
Death By Glamour,PRS,5,5,0,470,-,-,0
Dream goes on,PRS,5,5,0,751,-,-,0
Flashback,PRS,5,5,0,488,-,-,0
Grimheart,PRS,5,5,0,699,-,-,0
Heart,PRS,5,5,0,575,-,-,0
HELLOHELL,PRS,5,5,0,445,-,-,0
Moonlight of Sand Castle,PRS,5,5,0,394,-,-,0
Oblivia,PRS,5,5,0,517,-,-,0
Paper Witch,PRS,5,5,0,487,-,-,0
Prism,PRS,5,5,0,544,-,-,0
Rabbit In The Black Room,PRS,5,5,0,467,-,-,0
Silent Rush,PRS,5,5,0,674,-,-,0
Snow White,PRS,5,5,0,672,-,-,0
Strongholds,PRS,5,5,0,778,-,-,0
Suomi,PRS,5,5,0,550,-,-,0
syūten,PRS,5,5,0,446,-,-,0
Tie me down gently,PRS,5,5,0,535,-,-,0
Vexaria,PRS,5,5,0,534,-,-,0
Vivid Theory,PRS,5,5,0,658,-,-,0
world.execute(me);,PRS,5,5,0,582,-,-,0
Astral Quantization,PST,5,5,0,782,-,-,0
Back to Basics,PST,5,5,0,717,-,-,0
Black MInD,PST,5,5,0,601,-,-,0
BUCHiGiRE Berserker,PST,5,5,0,850,-,-,0
Chronicle,PST,5,5,0,928,-,-,0
Dantalion,PST,5,5,0,730,-,-,0
Désive,PST,5,5,0,"1,007",-,-,0
͟͝͞Ⅱ́̕,PST,5,5,0,690,-,-,0
IZANA,PST,5,5,0,609,-,-,0
LAMIA,PST,5,5,0,826,-,-,0
Lilly,PST,5,5,0,865,-,-,0
Meta-Mysteria,PST,5,5,0,844,-,-,0
Overwhelm,PST,5,5,0,854,-,-,0
Rain of Conflict in a Radiant Abyss,PST,5,5,0,831,-,-,0
REKKA RESONANCE,PST,5,5,0,860,-,-,0
TEmPTaTiON,PST,5,5,0,627,-,-,0
TeraVolt,PST,5,5,0,675,-,-,0
To the Milky Way,PST,5,5,0,928,-,-,0
Bullet Waiting for Me (James Landino remix),PRS,4,4.5,0,390,-,-,0
Dematerialized,PRS,4,4.5,0,659,-,-,0
enchanted love,PRS,4,4.5,0,617,-,-,0
First Snow,PRS,4,4.5,0,442,-,-,0
Harutopia ~Utopia of Spring~,PRS,4,4.5,0,706,-,-,0
Heartache,PRS,4,4.5,0,687,-,-,0
Sayonara Hatsukoi,PRS,4,4.5,0,305,-,-,0
[X],PST,4,4.5,0,594,-,-,0
8-EM,PST,4,4.5,0,557,-,-,0
Alexandrite,PST,4,4.5,0,507,-,-,0
AMAZING MIGHTYYYY!!!!,PST,4,4.5,0,624,-,-,0
Antagonism,PST,4,4.5,0,431,-,-,0
Arcahv,PST,4,4.5,0,818,-,-,0
Ashen 6oundary,PST,4,4.5,0,702,-,-,0
Astra walkthrough,PST,4,4.5,0,769,-,-,0
Astral tale,PST,4,4.5,0,445,-,-,0
Aurgelmir,PST,4,4.5,0,540,-,-,0
B.B.K.K.B.K.K.,PST,4,4.5,0,669,-,-,0
Bookmaker (2D Version),PST,4,4.5,0,538,-,-,0
Capella,PST,4,4.5,0,884,-,-,0
Climax,PST,4,4.5,0,773,-,-,0
conflict,PST,4,4.5,0,520,-,-,0
corps-sans-organes,PST,4,4.5,0,438,-,-,0
Dies irae,PST,4,4.5,0,632,-,-,0
Distorted Fate,PST,4,4.5,0,756,-,-,0
Divine Light of Myriad,PST,4,4.5,0,798,-,-,0
Don't Fight The Music,PST,4,4.5,0,757,-,-,0
Dreamin' Attraction!!,PST,4,4.5,0,592,-,-,0
Dual Dependency,PST,4,4.5,0,607,-,-,0
Dull Blade,PST,4,4.5,0,579,-,-,0
eden,PST,4,4.5,0,826,-,-,0
Essence of Twilight,PST,4,4.5,0,556,-,-,0
Far Away Light,PST,4,4.5,0,656,-,-,0
Filament,PST,4,4.5,0,582,-,-,0
Free Myself,PST,4,4.5,0,662,-,-,0
Garakuta Doll Play,PST,4,4.5,0,444,-,-,0
GENOCIDER,PST,4,4.5,0,832,-,-,0
GLORY: ROAD,PST,4,4.5,0,868,-,-,0
"Good bye, Merry-Go-Round.",PST,4,4.5,0,679,-,-,0
Heavensdoor,PST,4,4.5,0,766,-,-,0
Hybris (The one who shattered),PST,4,4.5,0,757,-,-,0
HYPER VISION,PST,4,4.5,0,639,-,-,0
INTERNET YAMERO,PST,4,4.5,0,677,-,-,0
Kissing Lucifer,PST,4,4.5,0,639,-,-,0
Lethal Voltage,PST,4,4.5,0,724,-,-,0
Liar,PST,4,4.5,0,461,-,-,0
Lightning Screw,PST,4,4.5,0,611,-,-,0
Live Fast Die Young,PST,4,4.5,0,565,-,-,0
LIVHT MY WΔY,PST,4,4.5,0,673,-,-,0
Lucid Traveler,PST,4,4.5,0,634,-,-,0
Magnolia,PST,4,4.5,0,625,-,-,0
Medusa,PST,4,4.5,0,550,-,-,0
MEGALOVANIA,PST,4,4.5,0,906,-,-,0
MIRINAE,PST,4,4.5,0,646,-,-,0
Monochrome Princess,PST,4,4.5,0,621,-,-,0
MVURBD,PST,4,4.5,0,999,-,-,0
New York Back Raise,PST,4,4.5,0,762,-,-,0
next to you,PST,4,4.5,0,454,-,-,0
Nightmare,PST,4,4.5,0,680,-,-,0
NULL APOPHENIA,PST,4,4.5,0,990,-,-,0
ouroboros -twin stroke of the end-,PST,4,4.5,0,575,-,-,0
PRAGMATISM,PST,4,4.5,0,476,-,-,0
Qovat,PST,4,4.5,0,519,-,-,0
qualia -ideaesthesia-,PST,4,4.5,0,550,-,-,0
Rays of Remnant,PST,4,4.5,0,710,-,-,0
Redolent Shape,PST,4,4.5,0,570,-,-,0
Relentless,PST,4,4.5,0,607,-,-,0
Renegade,PST,4,4.5,0,655,-,-,0
Rise of the World,PST,4,4.5,0,722,-,-,0
Singularity,PST,4,4.5,0,534,-,-,0
Spider's Thread,PST,4,4.5,0,794,-,-,0
Spirit of the Dauntless,PST,4,4.5,0,693,-,-,0
Stasis,PST,4,4.5,0,848,-,-,0
SUPER AMBULANCE,PST,4,4.5,0,740,-,-,0
Syriana,PST,4,4.5,0,490,-,-,0
Tiferet,PST,4,4.5,0,450,-,-,0
To the Furthest Dream,PST,4,4.5,0,836,-,-,0
Trap Crow,PST,4,4.5,0,876,-,-,0
TRPNO,PST,4,4.5,0,451,-,-,0
Trrricksters!!,PST,4,4.5,0,561,-,-,0
Twilight Concerto,PST,4,4.5,0,584,-,-,0
ultradiaxon-N3,PST,4,4.5,0,605,-,-,0
Valhalla:0,PST,4,4.5,0,624,-,-,0
Wish Upon a Snow,PST,4,4.5,0,"1,031",-,-,0
XTREME,PST,4,4.5,0,752,-,-,0
yomibito_shirazu,PST,4,4.5,0,641,-,-,0
Yosakura Fubuki,PST,4,4.5,0,416,-,-,0
τ (tau),PST,4,4.5,0,553,-,-,0
Blossoms,PRS,4,4,0,383,-,-,0
Brand new world,PRS,4,4,0,432,-,-,0
inkar-usi,PRS,4,4,0,326,-,-,0
Paradise,PRS,4,4,0,349,-,-,0
Rise,PRS,4,4,0,599,-,-,0
Romance Wars,PRS,4,4,0,378,-,-,0
10pt8ion,PST,4,4,0,475,-,-,0
99 Glooms,PST,4,4,0,637,-,-,0
Amekagura,PST,4,4,0,741,-,-,0
amygdata,PST,4,4,0,504,-,-,0
AttraqtiA,PST,4,4,0,732,-,-,0
BADTEK,PST,4,4,0,532,-,-,0
Be There,PST,4,4,0,592,-,-,0
Beautiful Dreamer,PST,4,4,0,611,-,-,0
Blaster,PST,4,4,0,571,-,-,0
carmine:scythe,PST,4,4,0,493,-,-,0
Chromafill,PST,4,4,0,757,-,-,0
Crimson Throne,PST,4,4,0,727,-,-,0
CROSS†OVER,PST,4,4,0,653,-,-,0
CROSS†SOUL,PST,4,4,0,606,-,-,0
cyanine,PST,4,4,0,661,-,-,0
Cybernecia Catharsis,PST,4,4,0,377,-,-,0
Devillic Sphere,PST,4,4,0,490,-,-,0
Dreadnought,PST,4,4,0,715,-,-,0
Dynitikós,PST,4,4,0,683,-,-,0
Einherjar Joker,PST,4,4,0,582,-,-,0
Evening in Scarlet,PST,4,4,0,530,-,-,0
Felis,PST,4,4,0,463,-,-,0
FREEF4LL,PST,4,4,0,589,-,-,0
G e n g a o z o,PST,4,4,0,580,-,-,0
Gekka (Short Version),PST,4,4,0,559,-,-,0
Genesis (Morrigan feat. Lily),PST,4,4,0,587,-,-,0
Glow,PST,4,4,0,504,-,-,0
goldenslaughterer,PST,4,4,0,486,-,-,0
GOODTEK (Arcaea Edit),PST,4,4,0,449,-,-,0
Head BONK ache,PST,4,4,0,570,-,-,0
HIVEMIND,PST,4,4,0,995,-,-,0
Iconoclast,PST,4,4,0,443,-,-,0
"Infinite Strife,",PST,4,4,0,888,-,-,0
init(),PST,4,4,0,713,-,-,0
Jump,PST,4,4,0,531,-,-,0
Kanbu de Tomatte Sugu Tokeru,PST,4,4,0,584,-,-,0
KYOREN ROMANCE,PST,4,4,0,821,-,-,0
Last,PST,4,4,0,680,-,-,0
Logos,PST,4,4,0,697,-,-,0
Lost Civilization,PST,4,4,0,462,-,-,0
Lost Desire,PST,4,4,0,684,-,-,0
Macrocosmic Modulation,PST,4,4,0,608,-,-,0
Malicious Mischance,PST,4,4,0,510,-,-,0
Manic Jeer,PST,4,4,0,698,-,-,0
Mirzam,PST,4,4,0,662,-,-,0
NEO WINGS,PST,4,4,0,591,-,-,0
nέo κósmo,PST,4,4,0,603,-,-,0
OBLIVION,PST,4,4,0,366,-,-,0
Old School Salvage,PST,4,4,0,705,-,-,0
Party Vinyl,PST,4,4,0,337,-,-,0
Phantasia,PST,4,4,0,544,-,-,0
PUPA,PST,4,4,0,374,-,-,0
Purple Verse,PST,4,4,0,558,-,-,0
Quon (Feryquitous),PST,4,4,0,547,-,-,0
Red and Blue,PST,4,4,0,464,-,-,0
Redraw the Colorless World,PST,4,4,0,568,-,-,0
RGB,PST,4,4,0,652,-,-,0
Scarlet Cage,PST,4,4,0,570,-,-,0
Scarlet Lance,PST,4,4,0,517,-,-,0
Seclusion,PST,4,4,0,544,-,-,0
Sheriruth (Laur Remix),PST,4,4,0,671,-,-,0
Solitary Dream,PST,4,4,0,712,-,-,0
STARGATE EXTREME,PST,4,4,0,337,-,-,0
Straight into the lights,PST,4,4,0,583,-,-,0
Sulfur,PST,4,4,0,458,-,-,0
To: Alice Liddell,PST,4,4,0,535,-,-,0
UNKNOWN LEVELS,PST,4,4,0,591,-,-,0
Used to be,PST,4,4,0,537,-,-,0
Vicious Heroism,PST,4,4,0,430,-,-,0
Vindication,PST,4,4,0,721,-,-,0
Viyella's Tears,PST,4,4,0,716,-,-,0
World Ender,PST,4,4,0,616,-,-,0
Xanatos,PST,4,4,0,735,-,-,0
αterlβus,PST,4,4,0,505,-,-,0
γuarδina,PST,4,4,0,507,-,-,0
ΟΔΥΣΣΕΙΑ,PST,4,4,0,717,-,-,0
Fairytale,PRS,3,3.5,0,511,-,-,0
Maze No.9,PRS,3,3.5,0,445,-,-,0
A Wandering Melody of Love,PST,3,3.5,0,422,-,-,0
Ai Drew,PST,3,3.5,0,694,-,-,0
AI[UE]OON,PST,3,3.5,0,436,-,-,0
Alice's Suitcase,PST,3,3.5,0,644,-,-,0
Auxesia,PST,3,3.5,0,385,-,-,0
Avant Raze,PST,3,3.5,0,580,-,-,0
Awaken In Ruins,PST,3,3.5,0,412,-,-,0
BATTLE NO.1,PST,3,3.5,0,476,-,-,0
Black Mirror on the Wall,PST,3,3.5,0,471,-,-,0
BlazinG AIR,PST,3,3.5,0,433,-,-,0
Blocked Library,PST,3,3.5,0,449,-,-,0
BLRINK,PST,3,3.5,0,400,-,-,0
blue comet,PST,3,3.5,0,494,-,-,0
BlythE,PST,3,3.5,0,610,-,-,0
BREaK! BREaK! BREaK!,PST,3,3.5,0,472,-,-,0
Call My Name feat. Yukacco,PST,3,3.5,0,591,-,-,0
Callima Karma,PST,3,3.5,0,"1,024",-,-,0
Chronostasis,PST,3,3.5,0,619,-,-,0
cry of viyella,PST,3,3.5,0,414,-,-,0
Crystal Gravity,PST,3,3.5,0,571,-,-,0
Dazzle hop,PST,3,3.5,0,561,-,-,0
Defection,PST,3,3.5,0,588,-,-,0
Dement ~after legend~,PST,3,3.5,0,548,-,-,0
Don't Die,PST,3,3.5,0,460,-,-,0
DRG,PST,3,3.5,0,380,-,-,0
Dual Doom Deathmatch,PST,3,3.5,0,838,-,-,0
Empire of Winter,PST,3,3.5,0,484,-,-,0
ENERGY SYNERGY MATRIX,PST,3,3.5,0,471,-,-,0
Equilibrium,PST,3,3.5,0,587,-,-,0
False Embellishment,PST,3,3.5,0,576,-,-,0
Feels So Right feat. Renko,PST,3,3.5,0,594,-,-,0
Final Step!,PST,3,3.5,0,625,-,-,0
FLUFFY FLASH,PST,3,3.5,0,787,-,-,0
Galaxy Friends,PST,3,3.5,0,474,-,-,0
GIMME DA BLOOD,PST,3,3.5,0,582,-,-,0
Give Me a Nightmare,PST,3,3.5,0,676,-,-,0
Hailstone,PST,3,3.5,0,534,-,-,0
Haze of Autumn,PST,3,3.5,0,533,-,-,0
Heavenly caress,PST,3,3.5,0,855,-,-,0
"Hiiro Gekka, Kyoushou no Zetsu (nayuta 2017 ver.)",PST,3,3.5,0,719,-,-,0
Hotarubi no Yuki,PST,3,3.5,0,589,-,-,0
Hypnotize,PST,3,3.5,0,518,-,-,0
I've heard it said,PST,3,3.5,0,510,-,-,0
Ignition,PST,3,3.5,0,578,-,-,0
Ignotus,PST,3,3.5,0,579,-,-,0
Ikazuchi,PST,3,3.5,0,656,-,-,0
IMPACT,PST,3,3.5,0,723,-,-,0
In Vain,PST,3,3.5,0,562,-,-,0
IONOSTREAM,PST,3,3.5,0,845,-,-,0
Kanjou no Matenrou ~Arr.Demetori,PST,3,3.5,0,736,-,-,0
La'qryma of the Wasteland,PST,3,3.5,0,447,-,-,0
Last Celebration,PST,3,3.5,0,969,-,-,0
lastendconductor,PST,3,3.5,0,726,-,-,0
Lethaeus,PST,3,3.5,0,480,-,-,0
Libertas,PST,3,3.5,0,476,-,-,0
Life is PIANO,PST,3,3.5,0,398,-,-,0
Löschen,PST,3,3.5,0,642,-,-,0
Lost Emotion feat. nomico,PST,3,3.5,0,602,-,-,0
Lost in the Abyss,PST,3,3.5,0,907,-,-,0
Loveless Dress,PST,3,3.5,0,537,-,-,0
Lucifer,PST,3,3.5,0,424,-,-,0
LunarOrbit -believe in the Espebranch road-,PST,3,3.5,0,624,-,-,0
Masquerade Legion,PST,3,3.5,0,510,-,-,0
MAXRAGE,PST,3,3.5,0,696,-,-,0
Memory Forest,PST,3,3.5,0,639,-,-,0
Miles,PST,3,3.5,0,385,-,-,0
Modelista,PST,3,3.5,0,418,-,-,0
Oblivia,PST,3,3.5,0,574,-,-,0
Oshama Scramble!,PST,3,3.5,0,508,-,-,0
Particle Arts,PST,3,3.5,0,529,-,-,0
Remind the Souls (Short Version),PST,3,3.5,0,561,-,-,0
SACRIFICE feat. ayame,PST,3,3.5,0,548,-,-,0
Sakura Fubuki,PST,3,3.5,0,526,-,-,0
san skia,PST,3,3.5,0,670,-,-,0
SATISFACTION,PST,3,3.5,0,580,-,-,0
Scarlet Lunar Empress,PST,3,3.5,0,609,-,-,0
See the Lights!,PST,3,3.5,0,445,-,-,0
Shinchoku Doudesuka?,PST,3,3.5,0,595,-,-,0
shrink,PST,3,3.5,0,451,-,-,0
SOUNDWiTCH,PST,3,3.5,0,315,-,-,0
Specta,PST,3,3.5,0,390,-,-,0
Stratoliner,PST,3,3.5,0,535,-,-,0
Syro,PST,3,3.5,0,535,-,-,0
Technicolour,PST,3,3.5,0,664,-,-,0
The Survivor (Game Edit),PST,3,3.5,0,817,-,-,0
Third Sun,PST,3,3.5,0,532,-,-,0
Tic! Tac! Toe!,PST,3,3.5,0,353,-,-,0
U.A.D,PST,3,3.5,0,366,-,-,0
Ultimate taste,PST,3,3.5,0,828,-,-,0
Vandalism,PST,3,3.5,0,668,-,-,0
Won't Back Down,PST,3,3.5,0,437,-,-,0
World Fragments III (radio edit),PST,3,3.5,0,777,-,-,0
world.execute(me);,PST,3,3.5,0,452,-,-,0
Your Best Nightmare,PST,3,3.5,0,760,-,-,0
Your voice so... feat. Such,PST,3,3.5,0,469,-,-,0
µ,PST,3,3.5,0,825,-,-,0
ω4,PST,3,3.5,0,816,-,-,0
7thSense,PST,3,3,0,360,-,-,0
Alone & Lorn,PST,3,3,0,643,-,-,0
AlterAle,PST,3,3,0,728,-,-,0
Ascent,PST,3,3,0,455,-,-,0
astral.exe,PST,3,3,0,654,-,-,0
Ävril -Flicka i krans-,PST,3,3,0,459,-,-,0
Babaroque,PST,3,3,0,402,-,-,0
Bamboo,PST,3,3,0,499,-,-,0
Black Lotus,PST,3,3,0,653,-,-,0
Black Territory,PST,3,3,0,627,-,-,0
Can I Friend You on Bassbook? Lol,PST,3,3,0,415,-,-,0
Chelsea,PST,3,3,0,388,-,-,0
Coastal Highway,PST,3,3,0,355,-,-,0
cocoro*cosmetic,PST,3,3,0,525,-,-,0
Corruption,PST,3,3,0,664,-,-,0
Crimson Quartz,PST,3,3,0,569,-,-,0
Dancin' on a Cat's Paw,PST,3,3,0,417,-,-,0
DataErr0r,PST,3,3,0,502,-,-,0
Dialnote,PST,3,3,0,393,-,-,0
Distortion Human,PST,3,3,0,544,-,-,0
Dot to Dot feat. Shully,PST,3,3,0,453,-,-,0
DX Choseinou Full Metal Shojo,PST,3,3,0,327,-,-,0
End of The Moonlight,PST,3,3,0,340,-,-,0
epitaxy,PST,3,3,0,826,-,-,0
Faint Light (Arcaea Edit),PST,3,3,0,587,-,-,0
Fallensquare,PST,3,3,0,316,-,-,0
FANTA5Y,PST,3,3,0,536,-,-,0
felys final remix,PST,3,3,0,626,-,-,0
Floating World,PST,3,3,0,753,-,-,0
Flyburg and Endroll,PST,3,3,0,413,-,-,0
Galactic Love,PST,3,3,0,513,-,-,0
Got hive of Ra,PST,3,3,0,322,-,-,0
Hall of Mirrors,PST,3,3,0,535,-,-,0
Heart Jackin',PST,3,3,0,506,-,-,0
I want You,PST,3,3,0,326,-,-,0
Innocence,PST,3,3,0,734,-,-,0
INTERNET OVERDOSE,PST,3,3,0,430,-,-,0
Inverted World,PST,3,3,0,525,-,-,0
Journey,PST,3,3,0,551,-,-,0
Lawless Point,PST,3,3,0,476,-,-,0
Let you DIVE! (nitro rmx),PST,3,3,0,608,-,-,0
Let's Rock (Arcaea mix),PST,3,3,0,541,-,-,0
LiftOff,PST,3,3,0,459,-,-,0
Luna Rossa,PST,3,3,0,443,-,-,0
MAHOROBA,PST,3,3,0,422,-,-,0
MANTIS (Arcaea Ultra-Bloodrush VIP),PST,3,3,0,575,-,-,0
Maze No.9,PST,3,3,0,494,-,-,0
Mazy Metroplex,PST,3,3,0,453,-,-,0
MERLIN,PST,3,3,0,315,-,-,0
Metallic Punisher,PST,3,3,0,500,-,-,0
MORNINGLOOM,PST,3,3,0,710,-,-,0
Nameless Passion,PST,3,3,0,681,-,-,0
Nhelv,PST,3,3,0,647,-,-,0
NULCTRL,PST,3,3,0,407,-,-,0
OMAKENO Stroke,PST,3,3,0,502,-,-,0
On And On!! feat. Jenga,PST,3,3,0,370,-,-,0
Oracle,PST,3,3,0,425,-,-,0
Primeval Texture,PST,3,3,0,346,-,-,0
Protoflicker,PST,3,3,0,510,-,-,0
Raven's Pride,PST,3,3,0,697,-,-,0
ReviXy,PST,3,3,0,538,-,-,0
Rugie,PST,3,3,0,566,-,-,0
Saint or Sinner,PST,3,3,0,447,-,-,0
Senkyou,PST,3,3,0,627,-,-,0
Shades of Light in a Transcendent Realm,PST,3,3,0,517,-,-,0
"Sign of ""10.5km""",PST,3,3,0,490,-,-,0
Small Cloud Sugar Candy,PST,3,3,0,548,-,-,0
Someday,PST,3,3,0,367,-,-,0
STAGER (ALL STAGE CLEAR),PST,3,3,0,453,-,-,0
Summer Fireworks of Love,PST,3,3,0,478,-,-,0
SUPERNOVA,PST,3,3,0,664,-,-,0
Surrender,PST,3,3,0,550,-,-,0
Swan Song,PST,3,3,0,563,-,-,0
Teriqma,PST,3,3,0,345,-,-,0
The Formula,PST,3,3,0,427,-,-,0
The Message,PST,3,3,0,536,-,-,0
THE ULTIMACY,PST,3,3,0,749,-,-,0
Tie me down gently,PST,3,3,0,581,-,-,0
trappola bewitching,PST,3,3,0,415,-,-,0
"Tsuki ni Murakumo, Hana ni Kaze",PST,3,3,0,468,-,-,0
VECTOЯ,PST,3,3,0,675,-,-,0
Xeraphinite,PST,3,3,0,383,-,-,0
〇、,PST,2,2.5,0,368,-,-,0
1F√,PST,2,2.5,0,411,-,-,0
Alice à la mode,PST,2,2.5,0,436,-,-,0
Altair (feat. *spiLa*),PST,2,2.5,0,670,-,-,0
Altale,PST,2,2.5,0,375,-,-,0
Anökumene,PST,2,2.5,0,412,-,-,0
Beside You,PST,2,2.5,0,526,-,-,0
Bullet Waiting for Me (James Landino remix),PST,2,2.5,0,325,-,-,0
Cosmica,PST,2,2.5,0,428,-,-,0
Cosmo Pop Funclub,PST,2,2.5,0,352,-,-,0
Dandelion,PST,2,2.5,0,391,-,-,0
DDD,PST,2,2.5,0,363,-,-,0
Death By Glamour,PST,2,2.5,0,460,-,-,0
Diode,PST,2,2.5,0,452,-,-,0
First Snow,PST,2,2.5,0,366,-,-,0
FURETE-MITAI,PST,2,2.5,0,447,-,-,0
Gensou no Satellite,PST,2,2.5,0,721,-,-,0
GIMMICK,PST,2,2.5,0,421,-,-,0
Grimheart,PST,2,2.5,0,728,-,-,0
HELLOHELL,PST,2,2.5,0,466,-,-,0
Hidden Rainbows of Epicurus,PST,2,2.5,0,595,-,-,0
Hikari,PST,2,2.5,0,237,-,-,0
Jingle,PST,2,2.5,0,530,-,-,0
Ladymade Star,PST,2,2.5,0,394,-,-,0
Last Goodbye,PST,2,2.5,0,497,-,-,0
Lazy Addiction,PST,2,2.5,0,462,-,-,0
Lights of Muse,PST,2,2.5,0,333,-,-,0
Lumia,PST,2,2.5,0,469,-,-,0
memoryfactory.lzh,PST,2,2.5,0,308,-,-,0
Moonheart,PST,2,2.5,0,449,-,-,0
Nirv lucE,PST,2,2.5,0,297,-,-,0
One Last Drive,PST,2,2.5,0,604,-,-,0
Ouvertüre,PST,2,2.5,0,583,-,-,0
Prayer,PST,2,2.5,0,419,-,-,0
Purgatorium,PST,2,2.5,0,609,-,-,0
Quon (DJ Noriken),PST,2,2.5,0,425,-,-,0
REconstruction,PST,2,2.5,0,347,-,-,0
Reinvent,PST,2,2.5,0,570,-,-,0
Rise,PST,2,2.5,0,322,-,-,0
Silent Rush,PST,2,2.5,0,416,-,-,0
Snow White,PST,2,2.5,0,486,-,-,0
Strongholds,PST,2,2.5,0,570,-,-,0
Transient Space,PST,2,2.5,0,419,-,-,0
Turbocharger,PST,2,2.5,0,419,-,-,0
Vexaria,PST,2,2.5,0,369,-,-,0
WAIT FOR DAWN,PST,2,2.5,0,596,-,-,0
Waltz for Lorelei,PST,2,2.5,0,664,-,-,0
with U,PST,2,2.5,0,448,-,-,0
World Vanquisher,PST,2,2.5,0,529,-,-,0
Antithese,PST,2,2,0,845,-,-,0
April showers,PST,2,2,0,363,-,-,0
Blue Rose,PST,2,2,0,595,-,-,0
Brand new world,PST,2,2,0,322,-,-,0
Clotho and the stargazer,PST,2,2,0,519,-,-,0
CYCLES,PST,2,2,0,389,-,-,0
Eccentric Tale,PST,2,2,0,313,-,-,0
enchanted love,PST,2,2,0,436,-,-,0
Evoltex (poppi'n mix),PST,2,2,0,297,-,-,0
Flashback,PST,2,2,0,356,-,-,0
Genesis (Iris),PST,2,2,0,275,-,-,0
Illegal Paradise,PST,2,2,0,535,-,-,0
Impure Bird,PST,2,2,0,350,-,-,0
inkar-usi,PST,2,2,0,276,-,-,0
Lapis,PST,2,2,0,391,-,-,0
Leave All Behind,PST,2,2,0,380,-,-,0
Linear Accelerator,PST,2,2,0,438,-,-,0
Paper Witch,PST,2,2,0,348,-,-,0
PICO-Pico-Translation!,PST,2,2,0,543,-,-,0
Prism,PST,2,2,0,476,-,-,0
Rabbit In The Black Room,PST,2,2,0,373,-,-,0
Suomi,PST,2,2,0,368,-,-,0
syūten,PST,2,2,0,395,-,-,0
Vivid Theory,PST,2,2,0,447,-,-,0
Dematerialized,PST,1,1.5,0,469,-,-,0
Dream goes on,PST,1,1.5,0,532,-,-,0
dropdead,PST,1,1.5,0,44,-,-,0
Heartache,PST,1,1.5,0,425,-,-,0
Infinity Heaven,PST,1,1.5,0,336,-,-,0
Moonlight of Sand Castle,PST,1,1.5,0,418,-,-,0
Sayonara Hatsukoi,PST,1,1.5,0,205,-,-,0
Blossoms,PST,1,1,0,275,-,-,0
Fairytale,PST,1,1,0,336,-,-,0
Harutopia ~Utopia of Spring~,PST,1,1,0,444,-,-,0
Heart,PST,1,1,0,428,-,-,0
Kanagawa Cyber Culvert,PST,1,1,0,375,-,-,0
Paradise,PST,1,1,0,253,-,-,0
Romance Wars,PST,1,1,0,423,-,-,0